InitialRed,RedKillBlueRate,InitialBlue,BlueKillRedRate,FinalRed,FinalBlue,BattleDuration
96,0.06000,86,0.05500,37,0,27.06224
91,0.04500,88,0.06250,0,33,26.83524
93,0.04880,71,0.05000,60,0,22.77315
94,0.05250,76,0.08000,31,0,28.97345
105,0.05880,79,0.04500,78,0,16.08047
110,0.04630,78,0.07250,69,0,20.94430
103,0.04380,90,0.05250,0,34,30.82165
101,0.05750,85,0.07750,0,36,24.97360
100,0.05000,80,0.06000,22,0,35.80394
104,0.04000,74,0.06500,0,22,38.77294
109,0.05500,73,0.05750,55,0,19.59215
108,0.05130,89,0.07000,36,0,25.26135
106,0.04750,84,0.04000,72,0,20.17198
95,0.04130,81,0.07500,0,41,19.89258
90,0.05380,83,0.04750,60,0,18.42952
98,0.05630,70,0.06750,62,0,17.17539
99,0.04250,75,0.04250,77,0,21.07444
96,0.06000,86,0.05500,66,0,17.71931
91,0.04500,88,0.06250,0,32,26.00116
93,0.04880,71,0.05000,59,0,18.83218
94,0.05250,76,0.08000,0,38,21.40107
105,0.05880,79,0.04500,61,0,19.85019
110,0.04630,78,0.07250,44,0,33.02408
103,0.04380,90,0.05250,46,0,25.81812
101,0.05750,85,0.07750,41,0,21.19712
100,0.05000,80,0.06000,48,0,21.30545
104,0.04000,74,0.06500,23,0,48.93678
109,0.05500,73,0.05750,86,0,11.08507
108,0.05130,89,0.07000,65,0,17.92926
106,0.04750,84,0.04000,65,0,22.81683
95,0.04130,81,0.07500,0,29,30.32213
90,0.05380,83,0.04750,25,0,33.76115
98,0.05630,70,0.06750,49,0,19.78531
99,0.04250,75,0.04250,82,0,19.07989
96,0.06000,86,0.05500,36,0,30.40942
91,0.04500,88,0.06250,0,58,18.88570
93,0.04880,71,0.05000,52,0,23.47058
94,0.05250,76,0.08000,0,28,25.72650
105,0.05880,79,0.04500,75,0,16.19138
110,0.04630,78,0.07250,14,0,36.40875
103,0.04380,90,0.05250,22,0,45.81800
101,0.05750,85,0.07750,35,0,24.11897
100,0.05000,80,0.06000,57,0,21.15835
104,0.04000,74,0.06500,19,0,52.20831
109,0.05500,73,0.05750,75,0,15.99667
108,0.05130,89,0.07000,40,0,29.39377
106,0.04750,84,0.04000,66,0,23.12325
95,0.04130,81,0.07500,0,57,17.12246
90,0.05380,83,0.04750,37,0,27.49661
98,0.05630,70,0.06750,57,0,19.45118
99,0.04250,75,0.04250,69,0,21.26639
96,0.06000,86,0.05500,50,0,20.17612
91,0.04500,88,0.06250,0,24,35.21050
93,0.04880,71,0.05000,46,0,23.57625
94,0.05250,76,0.08000,20,0,34.02936
105,0.05880,79,0.04500,79,0,17.48783
110,0.04630,78,0.07250,46,0,25.27102
103,0.04380,90,0.05250,29,0,40.63077
101,0.05750,85,0.07750,25,0,34.11691
100,0.05000,80,0.06000,53,0,23.52688
104,0.04000,74,0.06500,0,24,40.71556
109,0.05500,73,0.05750,60,0,18.96783
108,0.05130,89,0.07000,0,44,22.31046
106,0.04750,84,0.04000,72,0,21.72380
95,0.04130,81,0.07500,0,36,24.99784
90,0.05380,83,0.04750,0,19,39.46710
98,0.05630,70,0.06750,64,0,12.89896
99,0.04250,75,0.04250,63,0,20.97058
96,0.06000,86,0.05500,0,13,57.93609
91,0.04500,88,0.06250,0,61,20.41123
93,0.04880,71,0.05000,57,0,22.15025
94,0.05250,76,0.08000,0,30,25.26285
105,0.05880,79,0.04500,81,0,12.73175
110,0.04630,78,0.07250,49,0,22.73905
103,0.04380,90,0.05250,0,5,78.20561
101,0.05750,85,0.07750,31,0,29.65958
100,0.05000,80,0.06000,31,0,35.51119
104,0.04000,74,0.06500,57,0,22.96117
109,0.05500,73,0.05750,71,0,19.89302
108,0.05130,89,0.07000,34,0,28.54406
106,0.04750,84,0.04000,59,0,26.54752
95,0.04130,81,0.07500,0,31,26.82043
90,0.05380,83,0.04750,25,0,44.01812
98,0.05630,70,0.06750,71,0,15.09586
99,0.04250,75,0.04250,81,0,15.09688
96,0.06000,86,0.05500,43,0,23.00178
91,0.04500,88,0.06250,0,37,35.86192
93,0.04880,71,0.05000,60,0,20.82178
94,0.05250,76,0.08000,0,16,39.33808
105,0.05880,79,0.04500,85,0,15.26864
110,0.04630,78,0.07250,66,0,18.49777
103,0.04380,90,0.05250,0,16,47.90874
101,0.05750,85,0.07750,0,52,19.34568
100,0.05000,80,0.06000,66,0,17.14575
104,0.04000,74,0.06500,0,25,34.53919
109,0.05500,73,0.05750,85,0,15.22078
108,0.05130,89,0.07000,57,0,23.81262
106,0.04750,84,0.04000,68,0,25.94208
95,0.04130,81,0.07500,0,37,22.88537
90,0.05380,83,0.04750,49,0,23.49606
98,0.05630,70,0.06750,56,0,17.42013
99,0.04250,75,0.04250,69,0,25.16140
96,0.06000,86,0.05500,55,0,19.71289
91,0.04500,88,0.06250,0,39,29.35318
93,0.04880,71,0.05000,38,0,32.35734
94,0.05250,76,0.08000,14,0,34.61677
105,0.05880,79,0.04500,76,0,17.35886
110,0.04630,78,0.07250,27,0,35.63295
103,0.04380,90,0.05250,51,0,26.91078
101,0.05750,85,0.07750,61,0,19.61448
100,0.05000,80,0.06000,58,0,21.70969
104,0.04000,74,0.06500,0,31,31.06328
109,0.05500,73,0.05750,73,0,18.39981
108,0.05130,89,0.07000,57,0,20.97658
106,0.04750,84,0.04000,63,0,29.89703
95,0.04130,81,0.07500,0,31,29.55408
90,0.05380,83,0.04750,64,0,17.38248
98,0.05630,70,0.06750,62,0,18.11130
99,0.04250,75,0.04250,59,0,25.25250
96,0.06000,86,0.05500,42,0,19.81298
91,0.04500,88,0.06250,0,33,29.64228
93,0.04880,71,0.05000,62,0,19.29317
94,0.05250,76,0.08000,0,31,25.69672
105,0.05880,79,0.04500,73,0,16.53758
110,0.04630,78,0.07250,68,0,15.49190
103,0.04380,90,0.05250,0,17,54.02204
101,0.05750,85,0.07750,30,0,29.18757
100,0.05000,80,0.06000,62,0,19.02597
104,0.04000,74,0.06500,35,0,36.18507
109,0.05500,73,0.05750,85,0,13.71371
108,0.05130,89,0.07000,42,0,26.30289
106,0.04750,84,0.04000,69,0,26.88601
95,0.04130,81,0.07500,0,40,22.77226
90,0.05380,83,0.04750,46,0,20.45709
98,0.05630,70,0.06750,74,0,13.74756
99,0.04250,75,0.04250,51,0,30.36169
96,0.06000,86,0.05500,56,0,19.44388
91,0.04500,88,0.06250,0,36,22.62471
93,0.04880,71,0.05000,60,0,26.23539
94,0.05250,76,0.08000,0,25,25.86942
105,0.05880,79,0.04500,74,0,15.23952
110,0.04630,78,0.07250,69,0,17.30830
103,0.04380,90,0.05250,0,5,79.89641
101,0.05750,85,0.07750,61,0,18.75782
100,0.05000,80,0.06000,49,0,23.26303
104,0.04000,74,0.06500,34,0,36.13270
109,0.05500,73,0.05750,80,0,15.15398
108,0.05130,89,0.07000,0,42,23.68440
106,0.04750,84,0.04000,75,0,22.57013
95,0.04130,81,0.07500,0,22,27.99818
90,0.05380,83,0.04750,45,0,25.09483
98,0.05630,70,0.06750,66,0,14.25515
99,0.04250,75,0.04250,57,0,26.07162
96,0.06000,86,0.05500,62,0,18.41745
91,0.04500,88,0.06250,0,47,27.67407
93,0.04880,71,0.05000,67,0,18.20302
94,0.05250,76,0.08000,0,25,23.67870
105,0.05880,79,0.04500,73,0,15.97880
110,0.04630,78,0.07250,55,0,23.86102
103,0.04380,90,0.05250,0,24,36.84429
101,0.05750,85,0.07750,34,0,26.08521
100,0.05000,80,0.06000,57,0,23.77705
104,0.04000,74,0.06500,54,0,25.95869
109,0.05500,73,0.05750,87,0,14.05250
108,0.05130,89,0.07000,30,0,30.29824
106,0.04750,84,0.04000,77,0,18.19540
95,0.04130,81,0.07500,0,47,23.05114
90,0.05380,83,0.04750,31,0,35.44346
98,0.05630,70,0.06750,49,0,21.38359
99,0.04250,75,0.04250,74,0,23.51268
96,0.06000,86,0.05500,45,0,22.84988
91,0.04500,88,0.06250,0,48,20.83159
93,0.04880,71,0.05000,50,0,19.49641
94,0.05250,76,0.08000,19,0,35.19759
105,0.05880,79,0.04500,57,0,19.97523
110,0.04630,78,0.07250,75,0,16.92200
103,0.04380,90,0.05250,52,0,24.94060
101,0.05750,85,0.07750,0,20,36.80658
100,0.05000,80,0.06000,31,0,33.04322
104,0.04000,74,0.06500,23,0,45.43523
109,0.05500,73,0.05750,78,0,16.60497
108,0.05130,89,0.07000,0,22,35.56362
106,0.04750,84,0.04000,70,0,22.83989
95,0.04130,81,0.07500,0,47,19.92309
90,0.05380,83,0.04750,33,0,29.04779
98,0.05630,70,0.06750,52,0,20.04364
99,0.04250,75,0.04250,68,0,23.14577
96,0.06000,86,0.05500,41,0,25.01250
91,0.04500,88,0.06250,0,48,22.74776
93,0.04880,71,0.05000,47,0,26.32827
94,0.05250,76,0.08000,12,0,38.82193
105,0.05880,79,0.04500,84,0,14.43169
110,0.04630,78,0.07250,54,0,23.01458
103,0.04380,90,0.05250,47,0,30.27541
101,0.05750,85,0.07750,0,23,30.35341
100,0.05000,80,0.06000,54,0,21.85210
104,0.04000,74,0.06500,43,0,29.82372
109,0.05500,73,0.05750,71,0,17.61433
108,0.05130,89,0.07000,41,0,23.10804
106,0.04750,84,0.04000,70,0,24.97541
95,0.04130,81,0.07500,0,30,25.96730
90,0.05380,83,0.04750,0,22,39.71059
98,0.05630,70,0.06750,46,0,18.80078
99,0.04250,75,0.04250,68,0,26.53385
96,0.06000,86,0.05500,58,0,18.84388
91,0.04500,88,0.06250,0,54,20.35378
93,0.04880,71,0.05000,59,0,17.83623
94,0.05250,76,0.08000,28,0,29.06730
105,0.05880,79,0.04500,88,0,14.50736
110,0.04630,78,0.07250,55,0,21.12416
103,0.04380,90,0.05250,58,0,25.24099
101,0.05750,85,0.07750,53,0,19.94837
100,0.05000,80,0.06000,58,0,23.93874
104,0.04000,74,0.06500,46,0,23.24221
109,0.05500,73,0.05750,56,0,18.72557
108,0.05130,89,0.07000,0,8,54.33193
106,0.04750,84,0.04000,73,0,25.01413
95,0.04130,81,0.07500,0,38,30.93900
90,0.05380,83,0.04750,38,0,30.35022
98,0.05630,70,0.06750,64,0,18.90549
99,0.04250,75,0.04250,44,0,39.56242
96,0.06000,86,0.05500,54,0,20.08396
91,0.04500,88,0.06250,0,30,28.67744
93,0.04880,71,0.05000,64,0,20.88606
94,0.05250,76,0.08000,0,47,17.22570
105,0.05880,79,0.04500,86,0,14.83935
110,0.04630,78,0.07250,0,27,27.54108
103,0.04380,90,0.05250,39,0,32.52966
101,0.05750,85,0.07750,70,0,16.31213
100,0.05000,80,0.06000,46,0,24.51996
104,0.04000,74,0.06500,33,0,36.14544
109,0.05500,73,0.05750,81,0,15.70254
108,0.05130,89,0.07000,0,12,47.26691
106,0.04750,84,0.04000,61,0,23.49249
95,0.04130,81,0.07500,0,33,24.07464
90,0.05380,83,0.04750,42,0,25.05544
98,0.05630,70,0.06750,55,0,18.02656
99,0.04250,75,0.04250,64,0,23.77175
96,0.06000,86,0.05500,58,0,17.58956
91,0.04500,88,0.06250,0,26,34.99169
93,0.04880,71,0.05000,68,0,16.24104
94,0.05250,76,0.08000,27,0,28.01827
105,0.05880,79,0.04500,88,0,13.34909
110,0.04630,78,0.07250,73,0,16.88910
103,0.04380,90,0.05250,16,0,57.80639
101,0.05750,85,0.07750,0,25,27.53735
100,0.05000,80,0.06000,54,0,22.41942
104,0.04000,74,0.06500,63,0,23.68963
109,0.05500,73,0.05750,91,0,15.36220
108,0.05130,89,0.07000,49,0,24.59311
106,0.04750,84,0.04000,66,0,17.68293
95,0.04130,81,0.07500,34,0,35.81515
90,0.05380,83,0.04750,31,0,36.52633
98,0.05630,70,0.06750,70,0,15.50837
99,0.04250,75,0.04250,72,0,21.49665
96,0.06000,86,0.05500,46,0,21.62224
91,0.04500,88,0.06250,0,26,34.58352
93,0.04880,71,0.05000,55,0,26.78065
94,0.05250,76,0.08000,0,17,31.37389
105,0.05880,79,0.04500,76,0,18.12306
110,0.04630,78,0.07250,61,0,20.66889
103,0.04380,90,0.05250,33,0,45.71354
101,0.05750,85,0.07750,60,0,17.75909
100,0.05000,80,0.06000,67,0,18.53866
104,0.04000,74,0.06500,72,0,20.80841
109,0.05500,73,0.05750,75,0,15.10314
108,0.05130,89,0.07000,32,0,34.76604
106,0.04750,84,0.04000,69,0,21.72875
95,0.04130,81,0.07500,0,35,26.02992
90,0.05380,83,0.04750,50,0,22.64557
98,0.05630,70,0.06750,69,0,13.81730
99,0.04250,75,0.04250,65,0,25.98976
96,0.06000,86,0.05500,44,0,23.96734
91,0.04500,88,0.06250,0,52,24.93717
93,0.04880,71,0.05000,66,0,15.50795
94,0.05250,76,0.08000,0,18,29.66641
105,0.05880,79,0.04500,79,0,13.10223
110,0.04630,78,0.07250,57,0,24.44030
103,0.04380,90,0.05250,33,0,36.81182
101,0.05750,85,0.07750,56,0,18.54748
100,0.05000,80,0.06000,43,0,27.91674
104,0.04000,74,0.06500,70,0,17.34148
109,0.05500,73,0.05750,77,0,15.23828
108,0.05130,89,0.07000,40,0,30.69664
106,0.04750,84,0.04000,62,0,26.74395
95,0.04130,81,0.07500,0,39,24.43745
90,0.05380,83,0.04750,36,0,35.17428
98,0.05630,70,0.06750,56,0,20.79797
99,0.04250,75,0.04250,41,0,33.82796
96,0.06000,86,0.05500,66,0,16.83130
91,0.04500,88,0.06250,0,21,36.85675
93,0.04880,71,0.05000,59,0,16.67997
94,0.05250,76,0.08000,40,0,19.04722
105,0.05880,79,0.04500,83,0,15.65996
110,0.04630,78,0.07250,38,0,28.75001
103,0.04380,90,0.05250,0,29,31.06299
101,0.05750,85,0.07750,0,21,35.23046
100,0.05000,80,0.06000,24,0,38.59778
104,0.04000,74,0.06500,35,0,33.75700
109,0.05500,73,0.05750,86,0,15.27246
108,0.05130,89,0.07000,0,52,20.19982
106,0.04750,84,0.04000,67,0,24.20384
95,0.04130,81,0.07500,0,38,23.25280
90,0.05380,83,0.04750,51,0,19.23574
98,0.05630,70,0.06750,44,0,20.96332
99,0.04250,75,0.04250,80,0,17.60523
96,0.06000,86,0.05500,58,0,18.71322
91,0.04500,88,0.06250,0,22,38.35367
93,0.04880,71,0.05000,67,0,17.01354
94,0.05250,76,0.08000,32,0,23.69524
105,0.05880,79,0.04500,80,0,13.77234
110,0.04630,78,0.07250,66,0,21.88405
103,0.04380,90,0.05250,35,0,37.10873
101,0.05750,85,0.07750,28,0,27.28646
100,0.05000,80,0.06000,46,0,24.56324
104,0.04000,74,0.06500,57,0,23.31095
109,0.05500,73,0.05750,77,0,16.61351
108,0.05130,89,0.07000,49,0,27.57071
106,0.04750,84,0.04000,50,0,29.30980
95,0.04130,81,0.07500,0,17,33.53921
90,0.05380,83,0.04750,47,0,23.31788
98,0.05630,70,0.06750,37,0,19.84767
99,0.04250,75,0.04250,73,0,20.02298
96,0.06000,86,0.05500,54,0,21.28904
91,0.04500,88,0.06250,0,45,21.75019
93,0.04880,71,0.05000,63,0,18.93212
94,0.05250,76,0.08000,32,0,26.76658
105,0.05880,79,0.04500,69,0,20.30465
110,0.04630,78,0.07250,49,0,24.49959
103,0.04380,90,0.05250,57,0,25.40453
101,0.05750,85,0.07750,44,0,23.18973
100,0.05000,80,0.06000,36,0,30.95001
104,0.04000,74,0.06500,32,0,38.07345
109,0.05500,73,0.05750,94,0,9.91286
108,0.05130,89,0.07000,28,0,31.08159
106,0.04750,84,0.04000,79,0,20.94904
95,0.04130,81,0.07500,0,33,25.46658
90,0.05380,83,0.04750,49,0,24.24523
98,0.05630,70,0.06750,55,0,19.81641
99,0.04250,75,0.04250,63,0,26.26768
96,0.06000,86,0.05500,57,0,17.49506
91,0.04500,88,0.06250,0,38,23.77862
93,0.04880,71,0.05000,69,0,16.22369
94,0.05250,76,0.08000,0,33,28.08963
105,0.05880,79,0.04500,90,0,13.81189
110,0.04630,78,0.07250,31,0,29.98942
103,0.04380,90,0.05250,56,0,28.06155
101,0.05750,85,0.07750,0,14,38.32261
100,0.05000,80,0.06000,42,0,26.07386
104,0.04000,74,0.06500,16,0,53.07549
109,0.05500,73,0.05750,73,0,16.41178
108,0.05130,89,0.07000,36,0,30.33805
106,0.04750,84,0.04000,55,0,26.02242
95,0.04130,81,0.07500,23,0,34.32722
90,0.05380,83,0.04750,60,0,20.25412
98,0.05630,70,0.06750,62,0,20.01668
99,0.04250,75,0.04250,69,0,21.31445
96,0.06000,86,0.05500,51,0,25.25370
91,0.04500,88,0.06250,0,45,21.38344
93,0.04880,71,0.05000,51,0,21.07397
94,0.05250,76,0.08000,0,39,17.15392
105,0.05880,79,0.04500,88,0,13.78500
110,0.04630,78,0.07250,19,0,45.40004
103,0.04380,90,0.05250,0,57,24.91125
101,0.05750,85,0.07750,36,0,24.61330
100,0.05000,80,0.06000,64,0,18.17839
104,0.04000,74,0.06500,65,0,17.98803
109,0.05500,73,0.05750,76,0,14.57329
108,0.05130,89,0.07000,35,0,27.17785
106,0.04750,84,0.04000,75,0,18.04789
95,0.04130,81,0.07500,0,30,25.78034
90,0.05380,83,0.04750,52,0,24.85460
98,0.05630,70,0.06750,63,0,15.56430
99,0.04250,75,0.04250,71,0,21.63089
96,0.06000,86,0.05500,67,0,17.53780
91,0.04500,88,0.06250,0,32,31.23927
93,0.04880,71,0.05000,60,0,17.60051
94,0.05250,76,0.08000,0,32,21.70385
105,0.05880,79,0.04500,86,0,14.89962
110,0.04630,78,0.07250,38,0,27.80681
103,0.04380,90,0.05250,43,0,34.21346
101,0.05750,85,0.07750,0,27,28.07735
100,0.05000,80,0.06000,52,0,21.52951
104,0.04000,74,0.06500,44,0,28.93607
109,0.05500,73,0.05750,80,0,14.47506
108,0.05130,89,0.07000,55,0,20.17658
106,0.04750,84,0.04000,69,0,20.59870
95,0.04130,81,0.07500,0,43,21.10573
90,0.05380,83,0.04750,50,0,21.49610
98,0.05630,70,0.06750,67,0,18.29709
99,0.04250,75,0.04250,66,0,22.73382
96,0.06000,86,0.05500,44,0,23.15426
91,0.04500,88,0.06250,0,22,35.93975
93,0.04880,71,0.05000,63,0,17.19484
94,0.05250,76,0.08000,51,0,20.69486
105,0.05880,79,0.04500,83,0,13.94324
110,0.04630,78,0.07250,58,0,22.70524
103,0.04380,90,0.05250,0,17,44.09970
101,0.05750,85,0.07750,36,0,23.18288
100,0.05000,80,0.06000,62,0,18.77068
104,0.04000,74,0.06500,50,0,28.05333
109,0.05500,73,0.05750,76,0,16.59985
108,0.05130,89,0.07000,35,0,34.17680
106,0.04750,84,0.04000,72,0,21.08160
95,0.04130,81,0.07500,0,52,19.84078
90,0.05380,83,0.04750,58,0,19.05898
98,0.05630,70,0.06750,39,0,21.35463
99,0.04250,75,0.04250,61,0,23.64128
96,0.06000,86,0.05500,53,0,24.66024
91,0.04500,88,0.06250,0,46,24.67336
93,0.04880,71,0.05000,69,0,17.35000
94,0.05250,76,0.08000,31,0,26.13398
105,0.05880,79,0.04500,80,0,17.97423
110,0.04630,78,0.07250,41,0,21.93044
103,0.04380,90,0.05250,0,25,43.55984
101,0.05750,85,0.07750,47,0,19.81026
100,0.05000,80,0.06000,65,0,15.96741
104,0.04000,74,0.06500,0,41,26.98752
109,0.05500,73,0.05750,84,0,15.88324
108,0.05130,89,0.07000,12,0,46.41249
106,0.04750,84,0.04000,82,0,21.20886
95,0.04130,81,0.07500,0,44,19.04500
90,0.05380,83,0.04750,45,0,25.75112
98,0.05630,70,0.06750,68,0,15.70262
99,0.04250,75,0.04250,83,0,18.82791
96,0.06000,86,0.05500,22,0,36.76957
91,0.04500,88,0.06250,0,61,17.44617
93,0.04880,71,0.05000,57,0,19.15124
94,0.05250,76,0.08000,37,0,26.23479
105,0.05880,79,0.04500,75,0,13.28306
110,0.04630,78,0.07250,43,0,28.41488
103,0.04380,90,0.05250,54,0,29.60979
101,0.05750,85,0.07750,36,0,25.80442
100,0.05000,80,0.06000,49,0,21.84947
104,0.04000,74,0.06500,0,18,46.09803
109,0.05500,73,0.05750,75,0,16.47980
108,0.05130,89,0.07000,0,18,38.62687
106,0.04750,84,0.04000,71,0,20.72988
95,0.04130,81,0.07500,0,45,17.56570
90,0.05380,83,0.04750,37,0,28.16948
98,0.05630,70,0.06750,72,0,12.33227
99,0.04250,75,0.04250,45,0,36.79793
96,0.06000,86,0.05500,62,0,16.20894
91,0.04500,88,0.06250,0,40,27.47696
93,0.04880,71,0.05000,65,0,18.31334
94,0.05250,76,0.08000,26,0,26.50679
105,0.05880,79,0.04500,80,0,13.77425
110,0.04630,78,0.07250,52,0,23.10975
103,0.04380,90,0.05250,32,0,40.24456
101,0.05750,85,0.07750,36,0,30.09015
100,0.05000,80,0.06000,38,0,24.48180
104,0.04000,74,0.06500,33,0,34.81647
109,0.05500,73,0.05750,80,0,15.18164
108,0.05130,89,0.07000,50,0,23.74781
106,0.04750,84,0.04000,71,0,18.46611
95,0.04130,81,0.07500,0,47,20.23767
90,0.05380,83,0.04750,56,0,21.18130
98,0.05630,70,0.06750,55,0,21.34493
99,0.04250,75,0.04250,57,0,24.24628
96,0.06000,86,0.05500,57,0,22.12798
91,0.04500,88,0.06250,0,35,27.77056
93,0.04880,71,0.05000,69,0,17.24784
94,0.05250,76,0.08000,37,0,22.71995
105,0.05880,79,0.04500,63,0,21.65529
110,0.04630,78,0.07250,0,10,47.29891
103,0.04380,90,0.05250,23,0,47.05143
101,0.05750,85,0.07750,50,0,21.52184
100,0.05000,80,0.06000,18,0,51.00576
104,0.04000,74,0.06500,0,24,35.59554
109,0.05500,73,0.05750,77,0,16.83078
108,0.05130,89,0.07000,22,0,35.90521
106,0.04750,84,0.04000,79,0,16.82872
95,0.04130,81,0.07500,0,25,29.13603
90,0.05380,83,0.04750,59,0,20.67916
98,0.05630,70,0.06750,62,0,19.27895
99,0.04250,75,0.04250,74,0,19.24406
96,0.06000,86,0.05500,60,0,17.76539
91,0.04500,88,0.06250,0,56,20.97499
93,0.04880,71,0.05000,60,0,19.28381
94,0.05250,76,0.08000,60,0,18.33032
105,0.05880,79,0.04500,85,0,12.13914
110,0.04630,78,0.07250,59,0,18.80489
103,0.04380,90,0.05250,0,47,27.05942
101,0.05750,85,0.07750,40,0,24.43877
100,0.05000,80,0.06000,45,0,25.11174
104,0.04000,74,0.06500,36,0,30.16184
109,0.05500,73,0.05750,83,0,14.00832
108,0.05130,89,0.07000,0,26,28.29738
106,0.04750,84,0.04000,66,0,19.36297
95,0.04130,81,0.07500,0,30,32.27568
90,0.05380,83,0.04750,61,0,22.03681
98,0.05630,70,0.06750,48,0,21.03467
99,0.04250,75,0.04250,62,0,24.19167
96,0.06000,86,0.05500,53,0,17.35632
91,0.04500,88,0.06250,0,37,30.63824
93,0.04880,71,0.05000,33,0,33.68784
94,0.05250,76,0.08000,0,25,25.31071
105,0.05880,79,0.04500,73,0,15.90019
110,0.04630,78,0.07250,85,0,14.89136
103,0.04380,90,0.05250,7,0,71.84860
101,0.05750,85,0.07750,53,0,18.24767
100,0.05000,80,0.06000,58,0,22.17818
104,0.04000,74,0.06500,34,0,31.59329
109,0.05500,73,0.05750,84,0,13.80017
108,0.05130,89,0.07000,0,45,26.08818
106,0.04750,84,0.04000,72,0,24.39174
95,0.04130,81,0.07500,0,55,18.81517
90,0.05380,83,0.04750,40,0,29.72492
98,0.05630,70,0.06750,56,0,16.25675
99,0.04250,75,0.04250,67,0,20.04505
96,0.06000,86,0.05500,39,0,26.59048
91,0.04500,88,0.06250,0,26,33.46764
93,0.04880,71,0.05000,72,0,17.21722
94,0.05250,76,0.08000,40,0,21.97481
105,0.05880,79,0.04500,81,0,15.91383
110,0.04630,78,0.07250,71,0,16.62252
103,0.04380,90,0.05250,39,0,31.35275
101,0.05750,85,0.07750,0,26,31.41481
100,0.05000,80,0.06000,30,0,35.94710
104,0.04000,74,0.06500,66,0,24.46297
109,0.05500,73,0.05750,93,0,11.69984
108,0.05130,89,0.07000,0,26,32.58002
106,0.04750,84,0.04000,64,0,25.28060
95,0.04130,81,0.07500,0,43,23.92066
90,0.05380,83,0.04750,37,0,31.07269
98,0.05630,70,0.06750,55,0,18.38606
99,0.04250,75,0.04250,75,0,18.14323
96,0.06000,86,0.05500,31,0,29.08662
91,0.04500,88,0.06250,0,32,30.16679
93,0.04880,71,0.05000,65,0,17.79322
94,0.05250,76,0.08000,0,11,43.61452
105,0.05880,79,0.04500,67,0,17.86253
110,0.04630,78,0.07250,48,0,27.87960
103,0.04380,90,0.05250,46,0,28.16572
101,0.05750,85,0.07750,50,0,20.23975
100,0.05000,80,0.06000,45,0,23.89501
104,0.04000,74,0.06500,35,0,34.61350
109,0.05500,73,0.05750,73,0,16.40156
108,0.05130,89,0.07000,20,0,39.24851
106,0.04750,84,0.04000,71,0,24.09530
95,0.04130,81,0.07500,0,48,19.45115
90,0.05380,83,0.04750,55,0,22.86908
98,0.05630,70,0.06750,51,0,18.28289
99,0.04250,75,0.04250,64,0,23.03149
96,0.06000,86,0.05500,67,0,16.88845
91,0.04500,88,0.06250,0,16,43.83072
93,0.04880,71,0.05000,66,0,17.38732
94,0.05250,76,0.08000,0,21,27.84089
105,0.05880,79,0.04500,87,0,12.02120
110,0.04630,78,0.07250,0,23,42.08550
103,0.04380,90,0.05250,7,0,70.42391
101,0.05750,85,0.07750,0,19,39.06695
100,0.05000,80,0.06000,30,0,33.42935
104,0.04000,74,0.06500,24,0,47.38393
109,0.05500,73,0.05750,62,0,22.43005
108,0.05130,89,0.07000,38,0,32.22091
106,0.04750,84,0.04000,69,0,25.26794
95,0.04130,81,0.07500,0,61,11.81434
90,0.05380,83,0.04750,47,0,25.09077
98,0.05630,70,0.06750,57,0,18.55876
99,0.04250,75,0.04250,64,0,20.54547
96,0.06000,86,0.05500,44,0,21.72420
91,0.04500,88,0.06250,0,50,22.83322
93,0.04880,71,0.05000,26,0,45.28406
94,0.05250,76,0.08000,49,0,22.79783
105,0.05880,79,0.04500,89,0,13.96363
110,0.04630,78,0.07250,58,0,23.82579
103,0.04380,90,0.05250,26,0,48.06963
101,0.05750,85,0.07750,0,23,30.28178
100,0.05000,80,0.06000,34,0,33.75204
104,0.04000,74,0.06500,39,0,31.18118
109,0.05500,73,0.05750,74,0,14.24245
108,0.05130,89,0.07000,57,0,24.61085
106,0.04750,84,0.04000,71,0,21.64275
95,0.04130,81,0.07500,0,62,17.15961
90,0.05380,83,0.04750,32,0,31.62196
98,0.05630,70,0.06750,63,0,13.95463
99,0.04250,75,0.04250,79,0,17.51330
96,0.06000,86,0.05500,74,0,14.70510
91,0.04500,88,0.06250,0,51,23.77383
93,0.04880,71,0.05000,66,0,17.25421
94,0.05250,76,0.08000,0,38,22.08786
105,0.05880,79,0.04500,80,0,14.33145
110,0.04630,78,0.07250,66,0,19.57860
103,0.04380,90,0.05250,26,0,45.97232
101,0.05750,85,0.07750,0,18,35.94968
100,0.05000,80,0.06000,34,0,30.98089
104,0.04000,74,0.06500,27,0,33.66050
109,0.05500,73,0.05750,88,0,14.86403
108,0.05130,89,0.07000,49,0,23.47485
106,0.04750,84,0.04000,73,0,19.57666
95,0.04130,81,0.07500,0,40,21.89244
90,0.05380,83,0.04750,61,0,16.88503
98,0.05630,70,0.06750,56,0,21.81143
99,0.04250,75,0.04250,73,0,17.24535
96,0.06000,86,0.05500,54,0,23.14726
91,0.04500,88,0.06250,0,51,20.04096
93,0.04880,71,0.05000,67,0,16.71722
94,0.05250,76,0.08000,0,18,29.51353
105,0.05880,79,0.04500,74,0,15.19244
110,0.04630,78,0.07250,48,0,23.76167
103,0.04380,90,0.05250,34,0,36.97815
101,0.05750,85,0.07750,43,0,24.66146
100,0.05000,80,0.06000,54,0,26.12729
104,0.04000,74,0.06500,47,0,28.95677
109,0.05500,73,0.05750,84,0,14.56067
108,0.05130,89,0.07000,50,0,26.01357
106,0.04750,84,0.04000,65,0,23.91928
95,0.04130,81,0.07500,0,50,20.90881
90,0.05380,83,0.04750,24,0,34.83046
98,0.05630,70,0.06750,60,0,17.48727
99,0.04250,75,0.04250,68,0,24.41034
96,0.06000,86,0.05500,38,0,27.97538
91,0.04500,88,0.06250,0,31,26.17245
93,0.04880,71,0.05000,68,0,20.23166
94,0.05250,76,0.08000,35,0,24.71573
105,0.05880,79,0.04500,82,0,15.60538
110,0.04630,78,0.07250,63,0,16.96839
103,0.04380,90,0.05250,67,0,21.79196
101,0.05750,85,0.07750,40,0,26.34059
100,0.05000,80,0.06000,46,0,24.77816
104,0.04000,74,0.06500,29,0,36.19058
109,0.05500,73,0.05750,82,0,15.55701
108,0.05130,89,0.07000,47,0,26.05704
106,0.04750,84,0.04000,91,0,16.03650
95,0.04130,81,0.07500,0,47,22.44017
90,0.05380,83,0.04750,27,0,35.02451
98,0.05630,70,0.06750,69,0,12.09106
99,0.04250,75,0.04250,33,0,36.93142
96,0.06000,86,0.05500,34,0,37.29133
91,0.04500,88,0.06250,0,48,19.13713
93,0.04880,71,0.05000,50,0,19.43057
94,0.05250,76,0.08000,0,13,43.57929
105,0.05880,79,0.04500,82,0,12.80613
110,0.04630,78,0.07250,71,0,17.76712
103,0.04380,90,0.05250,0,30,44.46793
101,0.05750,85,0.07750,0,27,26.39400
100,0.05000,80,0.06000,15,0,51.40000
104,0.04000,74,0.06500,63,0,22.96296
109,0.05500,73,0.05750,81,0,13.99746
108,0.05130,89,0.07000,0,41,23.75517
106,0.04750,84,0.04000,74,0,19.37584
95,0.04130,81,0.07500,0,50,21.99465
90,0.05380,83,0.04750,45,0,27.58510
98,0.05630,70,0.06750,66,0,16.21458
99,0.04250,75,0.04250,74,0,18.80265
96,0.06000,86,0.05500,64,0,18.79333
91,0.04500,88,0.06250,0,63,16.79181
93,0.04880,71,0.05000,60,0,18.40475
94,0.05250,76,0.08000,0,31,22.07037
105,0.05880,79,0.04500,81,0,15.80044
110,0.04630,78,0.07250,76,0,15.57666
103,0.04380,90,0.05250,0,45,27.36440
101,0.05750,85,0.07750,51,0,18.51019
100,0.05000,80,0.06000,34,0,32.74065
104,0.04000,74,0.06500,53,0,22.24233
109,0.05500,73,0.05750,74,0,16.13524
108,0.05130,89,0.07000,0,19,34.87599
106,0.04750,84,0.04000,66,0,21.12939
95,0.04130,81,0.07500,0,26,27.68111
90,0.05380,83,0.04750,40,0,33.61197
98,0.05630,70,0.06750,60,0,15.54180
99,0.04250,75,0.04250,67,0,21.70657
96,0.06000,86,0.05500,57,0,22.01763
91,0.04500,88,0.06250,0,26,41.61167
93,0.04880,71,0.05000,65,0,15.97164
94,0.05250,76,0.08000,23,0,32.10439
105,0.05880,79,0.04500,86,0,13.86846
110,0.04630,78,0.07250,57,0,25.53589
103,0.04380,90,0.05250,0,23,38.68834
101,0.05750,85,0.07750,0,37,21.66510
100,0.05000,80,0.06000,43,0,22.47510
104,0.04000,74,0.06500,66,0,23.86538
109,0.05500,73,0.05750,65,0,18.18762
108,0.05130,89,0.07000,57,0,21.35825
106,0.04750,84,0.04000,84,0,17.74217
95,0.04130,81,0.07500,0,40,21.94481
90,0.05380,83,0.04750,42,0,27.96943
98,0.05630,70,0.06750,74,0,13.20516
99,0.04250,75,0.04250,57,0,23.81067
96,0.06000,86,0.05500,31,0,35.03852
91,0.04500,88,0.06250,0,38,24.25236
93,0.04880,71,0.05000,76,0,15.75014
94,0.05250,76,0.08000,0,40,21.42934
105,0.05880,79,0.04500,90,0,14.22244
110,0.04630,78,0.07250,0,25,35.53199
103,0.04380,90,0.05250,21,0,43.36116
101,0.05750,85,0.07750,35,0,29.46261
100,0.05000,80,0.06000,45,0,29.03107
104,0.04000,74,0.06500,8,0,59.34903
109,0.05500,73,0.05750,87,0,13.33990
108,0.05130,89,0.07000,0,4,66.81414
106,0.04750,84,0.04000,72,0,23.64751
95,0.04130,81,0.07500,0,11,50.42920
90,0.05380,83,0.04750,36,0,34.38025
98,0.05630,70,0.06750,72,0,14.82033
99,0.04250,75,0.04250,80,0,18.67015
96,0.06000,86,0.05500,50,0,23.55139
91,0.04500,88,0.06250,4,0,74.47050
93,0.04880,71,0.05000,69,0,21.37235
94,0.05250,76,0.08000,0,22,29.58830
105,0.05880,79,0.04500,75,0,15.18602
110,0.04630,78,0.07250,36,0,26.53760
103,0.04380,90,0.05250,34,0,46.27056
101,0.05750,85,0.07750,0,30,29.74191
100,0.05000,80,0.06000,49,0,24.26702
104,0.04000,74,0.06500,32,0,29.18230
109,0.05500,73,0.05750,58,0,18.58374
108,0.05130,89,0.07000,37,0,30.95772
106,0.04750,84,0.04000,66,0,22.09409
95,0.04130,81,0.07500,0,55,17.92741
90,0.05380,83,0.04750,37,0,34.46780
98,0.05630,70,0.06750,51,0,18.90421
99,0.04250,75,0.04250,63,0,22.75542
96,0.06000,86,0.05500,38,0,25.96179
91,0.04500,88,0.06250,22,0,38.25503
93,0.04880,71,0.05000,47,0,27.85348
94,0.05250,76,0.08000,13,0,30.00695
105,0.05880,79,0.04500,76,0,16.10879
110,0.04630,78,0.07250,0,24,34.25257
103,0.04380,90,0.05250,0,11,52.55253
101,0.05750,85,0.07750,22,0,38.00770
100,0.05000,80,0.06000,52,0,25.94603
104,0.04000,74,0.06500,68,0,21.57091
109,0.05500,73,0.05750,83,0,11.16674
108,0.05130,89,0.07000,0,23,32.99942
106,0.04750,84,0.04000,70,0,24.01195
95,0.04130,81,0.07500,0,40,22.85760
90,0.05380,83,0.04750,40,0,28.37953
98,0.05630,70,0.06750,64,0,14.80638
99,0.04250,75,0.04250,64,0,21.73039
96,0.06000,86,0.05500,59,0,20.91531
91,0.04500,88,0.06250,0,51,21.59519
93,0.04880,71,0.05000,64,0,20.99425
94,0.05250,76,0.08000,0,28,22.93671
105,0.05880,79,0.04500,72,0,16.19437
110,0.04630,78,0.07250,62,0,19.57545
103,0.04380,90,0.05250,31,0,38.46604
101,0.05750,85,0.07750,42,0,22.83115
100,0.05000,80,0.06000,40,0,28.27126
104,0.04000,74,0.06500,57,0,24.61609
109,0.05500,73,0.05750,83,0,13.95731
108,0.05130,89,0.07000,15,0,42.35789
106,0.04750,84,0.04000,68,0,23.13513
95,0.04130,81,0.07500,0,42,22.10449
90,0.05380,83,0.04750,53,0,19.46721
98,0.05630,70,0.06750,51,0,17.91923
99,0.04250,75,0.04250,70,0,17.68679
96,0.06000,86,0.05500,8,0,52.89361
91,0.04500,88,0.06250,0,37,23.23229
93,0.04880,71,0.05000,58,0,20.01664
94,0.05250,76,0.08000,39,0,19.91873
105,0.05880,79,0.04500,81,0,16.58654
110,0.04630,78,0.07250,45,0,27.33676
103,0.04380,90,0.05250,39,0,37.65207
101,0.05750,85,0.07750,56,0,19.69026
100,0.05000,80,0.06000,44,0,24.25074
104,0.04000,74,0.06500,44,0,30.87692
109,0.05500,73,0.05750,62,0,16.62747
108,0.05130,89,0.07000,43,0,26.11733
106,0.04750,84,0.04000,75,0,21.53618
95,0.04130,81,0.07500,0,32,27.14557
90,0.05380,83,0.04750,34,0,29.88271
98,0.05630,70,0.06750,54,0,21.31511
99,0.04250,75,0.04250,61,0,27.01020
96,0.06000,86,0.05500,43,0,24.67645
91,0.04500,88,0.06250,0,61,19.47560
93,0.04880,71,0.05000,49,0,23.69889
94,0.05250,76,0.08000,0,36,22.16129
105,0.05880,79,0.04500,75,0,15.70469
110,0.04630,78,0.07250,25,0,39.55033
103,0.04380,90,0.05250,0,34,32.16771
101,0.05750,85,0.07750,45,0,22.30912
100,0.05000,80,0.06000,48,0,28.51369
104,0.04000,74,0.06500,49,0,23.10101
109,0.05500,73,0.05750,82,0,12.71867
108,0.05130,89,0.07000,28,0,26.61745
106,0.04750,84,0.04000,79,0,21.23658
95,0.04130,81,0.07500,0,36,25.47989
90,0.05380,83,0.04750,43,0,25.40857
98,0.05630,70,0.06750,69,0,15.53990
99,0.04250,75,0.04250,56,0,25.06678
96,0.06000,86,0.05500,52,0,19.78595
91,0.04500,88,0.06250,0,42,27.62628
93,0.04880,71,0.05000,67,0,17.96335
94,0.05250,76,0.08000,0,21,32.18722
105,0.05880,79,0.04500,80,0,13.85428
110,0.04630,78,0.07250,55,0,22.05950
103,0.04380,90,0.05250,22,0,47.85671
101,0.05750,85,0.07750,0,28,27.54915
100,0.05000,80,0.06000,23,0,37.01188
104,0.04000,74,0.06500,0,39,27.51129
109,0.05500,73,0.05750,79,0,12.45700
108,0.05130,89,0.07000,16,0,38.70669
106,0.04750,84,0.04000,84,0,18.90782
95,0.04130,81,0.07500,9,0,62.59113
90,0.05380,83,0.04750,46,0,23.95023
98,0.05630,70,0.06750,52,0,19.21469
99,0.04250,75,0.04250,57,0,27.69422
96,0.06000,86,0.05500,6,0,60.88102
91,0.04500,88,0.06250,0,33,37.70593
93,0.04880,71,0.05000,51,0,25.29867
94,0.05250,76,0.08000,16,0,40.91197
105,0.05880,79,0.04500,73,0,19.19489
110,0.04630,78,0.07250,30,0,34.58333
103,0.04380,90,0.05250,35,0,31.69887
101,0.05750,85,0.07750,0,5,54.92861
100,0.05000,80,0.06000,57,0,24.04749
104,0.04000,74,0.06500,51,0,23.68110
109,0.05500,73,0.05750,85,0,11.79401
108,0.05130,89,0.07000,0,27,33.81561
106,0.04750,84,0.04000,65,0,21.96749
95,0.04130,81,0.07500,0,22,28.93817
90,0.05380,83,0.04750,30,0,33.93456
98,0.05630,70,0.06750,70,0,14.38486
99,0.04250,75,0.04250,85,0,14.58565
96,0.06000,86,0.05500,46,0,22.95046
91,0.04500,88,0.06250,0,17,44.26908
93,0.04880,71,0.05000,67,0,20.56951
94,0.05250,76,0.08000,22,0,32.41499
105,0.05880,79,0.04500,89,0,14.68954
110,0.04630,78,0.07250,26,0,36.02834
103,0.04380,90,0.05250,26,0,48.20465
101,0.05750,85,0.07750,0,42,19.74536
100,0.05000,80,0.06000,69,0,17.52194
104,0.04000,74,0.06500,45,0,31.78680
109,0.05500,73,0.05750,87,0,12.50270
108,0.05130,89,0.07000,0,25,31.18020
106,0.04750,84,0.04000,72,0,19.13216
95,0.04130,81,0.07500,0,46,20.62708
90,0.05380,83,0.04750,49,0,23.75365
98,0.05630,70,0.06750,65,0,13.80232
99,0.04250,75,0.04250,69,0,25.29050
96,0.06000,86,0.05500,46,0,22.88291
91,0.04500,88,0.06250,0,58,19.78514
93,0.04880,71,0.05000,67,0,16.68046
94,0.05250,76,0.08000,20,0,33.96672
105,0.05880,79,0.04500,79,0,14.39378
110,0.04630,78,0.07250,0,18,38.21337
103,0.04380,90,0.05250,62,0,21.28082
101,0.05750,85,0.07750,9,0,45.45382
100,0.05000,80,0.06000,35,0,32.95528
104,0.04000,74,0.06500,64,0,23.52426
109,0.05500,73,0.05750,72,0,17.22219
108,0.05130,89,0.07000,60,0,20.52983
106,0.04750,84,0.04000,48,0,34.72050
95,0.04130,81,0.07500,0,35,24.53074
90,0.05380,83,0.04750,42,0,30.77194
98,0.05630,70,0.06750,52,0,20.14449
99,0.04250,75,0.04250,54,0,24.99746
