eta_1,eta_2,gam_1,gam_2,c_i,c_o,eps_lam,c_lam,del_0,stp,mdl_typ,a1,a2,a3,a4,a5,a6,a7,a8,a9,a10,c1,c2,c3,c4,c5,c6,c7,c8,c9,c10,s1,s2,s3,s4,s5,s6,s7,s8,s9,s10
0.2,0.27,0.4,1.2,4,3,2.07,0.94,0.9,0,1,0.3181,0.2417,0.22117,0.19105,0.17917,0.22407,0.23222,0.25971,0.15872,0.26925,1,1,1,1,1,1,1,1,1,1,0,0,0,0,0,0,0,0,0,0
0.2,0.27,0.4,1.2,4,3,2.07,0.94,0.9,0,2,0.36255,0.35002,0.3304,0.32665,0.32112,0.25707,0.33287,0.37296,0.26823,0.35192,1,1,1,1,1,1,1,1,1,1,0,0,0,0,0,0,0,0,0,0
0.2,0.27,0.4,1.2,4,3,2.07,0.94,0.9,0,3,0.30214,0.26476,0.25863,0.21803,0.251,0.21133,0.24834,0.32666,0.20769,0.30154,1,1,1,1,1,1,1,1,1,1,0,0,0,0,0,0,0,0,0,0
0.2,0.27,0.4,1.2,4,3,2.07,0.94,0.9,0,4,0.31736,0.24059,0.22078,0.19053,0.17899,0.22286,0.23392,0.25965,0.15853,0.26948,1,1,1,1,1,1,1,1,1,1,0,0,0,0,0,0,0,0,0,0
0.2,0.27,0.4,1.2,4,3,2.07,0.94,0.9,0,5,0.31396,0.24022,0.22022,0.19056,0.17903,0.22393,0.23053,0.25183,0.1584,0.26757,1,1,1,1,1,1,1,1,1,1,0,0,0,0,0,0,0,0,0,0
0.2,0.27,0.4,1.2,4,3,2.07,0.94,0.9,0,6,0.30728,0.2417,0.22194,0.19215,0.18409,0.22626,0.22908,0.24202,0.1591,0.26236,1,1,1,1,1,1,1,1,1,1,0,0,0,0,0,0,0,0,0,0
0.2,0.27,0.4,1.2,4,3,2.07,0.94,0.9,1,1,0.2882,0.23763,0.2227,0.19731,0.15829,0.19433,0.23391,0.25079,0.16106,0.2604,1,1,1,1,1,1,1,1,1,1,0,0,0,0,0,0,0,0,0,0
0.2,0.27,0.4,1.2,4,3,2.07,0.94,0.9,1,2,0.3639,0.35105,0.33064,0.32616,0.32196,0.25662,0.33214,0.37325,0.26843,0.35235,1,1,1,1,1,1,1,1,1,1,0,0,0,0,0,0,0,0,0,0
0.2,0.27,0.4,1.2,4,3,2.07,0.94,0.9,1,3,0.3019,0.26462,0.25929,0.21813,0.25141,0.2112,0.24914,0.32622,0.20776,0.30162,1,1,1,1,1,1,1,1,1,1,0,0,0,0,0,0,0,0,0,0
0.2,0.27,0.4,1.2,4,3,2.07,0.94,0.9,1,4,0.28814,0.23873,0.22237,0.19701,0.17881,0.19488,0.2326,0.25042,0.16107,0.26053,1,1,1,1,1,1,1,1,1,1,0,0,0,0,0,0,0,0,0,0
0.2,0.27,0.4,1.2,4,3,2.07,0.94,0.9,1,5,0.28838,0.23917,0.22272,0.19631,0.18561,0.19509,0.23224,0.24966,0.16233,0.25879,1,1,1,1,1,1,1,1,1,1,0,0,0,0,0,0,0,0,0,0
0.2,0.27,0.4,1.2,4,3,2.07,0.94,0.9,1,6,0.28338,0.23589,0.2209,0.19474,0.18467,0.18974,0.23017,0.24965,0.16,0.2389,1,1,1,1,1,1,1,1,1,1,0,0,0,0,0,0,0,0,0,0
0.18,0.9,0.12,1.38,2,1,2.25,0.63,0.82,0,1,0.2407,0.30809,0.29566,0.27684,0.032002,0.26844,0.22515,0.38561,0.2661,0.38439,1,1,1,1,0.14129,1,1,1,1,1,0,0,0,0,1,0,0,0,0,0
0.18,0.9,0.12,1.38,2,1,2.25,0.63,0.82,0,2,0.30334,0.27603,0.27776,0.23038,0.13775,0.17858,0.12957,0.30333,0.14929,0.23181,1,1,1,1,1,1,1,1,1,1,0,0,0,0,0,0,0,0,0,0
0.18,0.9,0.12,1.38,2,1,2.25,0.63,0.82,0,3,0.33161,0.32184,0.3403,0.28806,0.30057,0.28011,0.30079,0.32972,0.27248,0.33513,1,1,1,1,1,1,1,1,1,1,0,0,0,0,0,0,0,0,0,0
0.18,0.9,0.12,1.38,2,1,2.25,0.63,0.82,0,4,0.23827,0.30883,0.29525,0.27684,0.031745,0.26844,0.22514,0.38561,0.26609,0.3844,1,1,1,1,0.14044,1,1,1,1,1,0,0,0,0,1,0,0,0,0,0
0.18,0.9,0.12,1.38,2,1,2.25,0.63,0.82,0,5,0.41188,0.30911,0.29525,0.27705,0.031745,0.26865,0.22514,0.38597,0.26609,0.3844,1,1,1,1,0.14044,1,1,1,1,1,0,0,0,0,1,0,0,0,0,0
0.18,0.9,0.12,1.38,2,1,2.25,0.63,0.82,0,6,0.41188,0.30911,0.2562,0.27705,0.16721,0.26865,0.23412,0.38597,0.25695,0.38365,1,1,1,1,1,1,1,1,1,1,0,0,0,0,0,0,0,0,0,0
0.18,0.9,0.12,1.38,2,1,2.25,0.63,0.82,1,1,0.4112,0.30883,0.057204,0.27684,0.17413,0.26844,0.28061,0.34754,0.19912,0.3844,1,1,0.025298,1,1,1,1,1,1,1,0,0,1,0,0,0,0,0,0,0
0.18,0.9,0.12,1.38,2,1,2.25,0.63,0.82,1,2,0.2773,0.27603,0.26957,0.23037,0.14618,0.17856,0.12971,0.19906,0.15528,0.23179,1,1,1,1,1,1,1,1,1,1,0,0,0,0,0,0,0,0,0,0
0.18,0.9,0.12,1.38,2,1,2.25,0.63,0.82,1,3,0.3316,0.32183,0.3403,0.28806,0.30079,0.28011,0.3009,0.32971,0.27247,0.33513,1,1,1,1,1,1,1,1,1,1,0,0,0,0,0,0,0,0,0,0
0.18,0.9,0.12,1.38,2,1,2.25,0.63,0.82,1,4,0.41121,0.30883,0.057165,0.27684,0.17337,0.26843,0.2804,0.34754,0.19912,0.38441,1,1,0.02507,1,1,1,1,1,1,1,0,0,1,0,0,0,0,0,0,0
0.18,0.9,0.12,1.38,2,1,2.25,0.63,0.82,1,5,0.41189,0.30911,0.057165,0.27708,0.17337,0.26864,0.2804,0.34754,0.20185,0.38441,1,1,0.02507,1,1,1,1,1,1,1,0,0,1,0,0,0,0,0,0,0
0.18,0.9,0.12,1.38,2,1,2.25,0.63,0.82,1,6,0.41189,0.30911,0.058869,0.27708,0.17585,0.26864,0.29735,0.34205,0.20185,0.38366,1,1,0.02507,1,1,1,1,1,1,1,0,0,1,0,0,0,0,0,0,0
0.18,0.51,0.82,1.16,0,2,2.16,0.07,0.29,0,1,0.31455,0.39488,0.10137,0.38202,0.11527,0.38577,0.17305,0.39929,0.29979,0.15562,1,1,1,1,1,1,0.40631,1,1,1,0,0,0,0,0,0,1,0,0,0
0.18,0.51,0.82,1.16,0,2,2.16,0.07,0.29,0,2,0.39229,0.39881,0.39009,0.37562,0.34659,0.38381,0.37999,0.3818,0.36258,0.38215,1,1,1,1,1,1,1,1,1,1,0,0,0,0,0,0,0,0,0,0
0.18,0.51,0.82,1.16,0,2,2.16,0.07,0.29,0,3,0.36716,0.29266,0.3308,0.36219,0.3004,0.37167,0.35969,0.37532,0.34629,0.34487,1,1,1,1,1,1,1,1,1,1,0,0,0,0,0,0,0,0,0,0
0.18,0.51,0.82,1.16,0,2,2.16,0.07,0.29,0,4,0.31455,0.39488,0.10137,0.38202,0.11527,0.38577,0.17305,0.39929,0.29979,0.15562,1,1,1,1,1,1,0.40631,1,1,1,0,0,0,0,0,0,1,0,0,0
0.18,0.51,0.82,1.16,0,2,2.16,0.07,0.29,0,5,0.31454,0.39488,0.10137,0.38201,0.11527,0.38577,0.17404,0.39929,0.29978,0.15562,1,1,1,1,1,1,0.40628,1,1,1,0,0,0,0,0,0,1,0,0,0
0.18,0.51,0.82,1.16,0,2,2.16,0.07,0.29,0,6,0.31442,0.4103,0.10131,0.39552,0.11343,0.39173,0.41223,0.40436,0.30209,0.15549,1,1,1,1,1,1,1,1,1,1,0,0,0,0,0,0,0,0,0,0
0.18,0.51,0.82,1.16,0,2,2.16,0.07,0.29,1,1,0.30933,0.39082,0.31724,0.392,0.28399,0.13328,0.035742,0.24957,0.17286,0.29641,1,1,1,1,1,0.4295,0.1397,1,1,1,0,0,0,0,0,1,1,0,0,0
0.18,0.51,0.82,1.16,0,2,2.16,0.07,0.29,1,2,0.35497,0.35455,0.37354,0.37967,0.36937,0.36339,0.3656,0.36889,0.35472,0.34614,1,1,1,1,1,1,1,1,1,1,0,0,0,0,0,0,0,0,0,0
0.18,0.51,0.82,1.16,0,2,2.16,0.07,0.29,1,3,0.30833,0.40515,0.33194,0.3107,0.29849,0.34818,0.35686,0.3417,0.32779,0.30588,1,1,1,1,1,1,1,1,1,1,0,0,0,0,0,0,0,0,0,0
0.18,0.51,0.82,1.16,0,2,2.16,0.07,0.29,1,4,0.30933,0.39082,0.31724,0.392,0.28399,0.13328,0.035742,0.24957,0.17286,0.29641,1,1,1,1,1,0.4295,0.1397,1,1,1,0,0,0,0,0,1,1,0,0,0
0.18,0.51,0.82,1.16,0,2,2.16,0.07,0.29,1,5,0.30933,0.39082,0.31724,0.392,0.28399,0.13328,0.035742,0.24957,0.17286,0.29641,1,1,1,1,1,0.4295,0.1397,1,1,1,0,0,0,0,0,1,1,0,0,0
0.18,0.51,0.82,1.16,0,2,2.16,0.07,0.29,1,6,0.34032,0.40529,0.34528,0.40015,0.31504,0.13283,0.035408,0.2534,0.17234,0.3274,1,1,1,1,1,0.42601,0.13857,1,1,1,0,0,0,0,0,1,1,0,0,0
0.12,0.81,0.9,1.41,4,1,2.44,0.13,0.4,0,1,0.067537,0.024246,0.054985,0.011652,0.17509,0.17048,0.047029,0.024167,0.14695,0.14475,0.12537,0.0439,0.069133,0.0453,1,1,0.075233,0.069733,1,1,1,1,1,1,0,0,1,1,0,0
0.12,0.81,0.9,1.41,4,1,2.44,0.13,0.4,0,2,0.11743,0.073863,0.087011,0.053473,0.10696,0.091284,0.12007,0.15036,0.084719,0.16831,0.51458,0.2696,0.32246,0.18685,0.44479,0.3801,0.58835,0.75877,0.26987,1,1,1,1,1,1,1,1,1,1,0
0.12,0.81,0.9,1.41,4,1,2.44,0.13,0.4,0,3,0.036128,-0.00077743,0.017592,0.0040097,0.0037355,0.011086,0.0015893,0.063833,0.0047469,0.0064396,0.084121,0.048868,0.048868,0.048868,0.048868,0.058788,0.070539,0.13452,0.039814,0.058788,1,1,1,1,1,1,1,1,1,1
0.12,0.81,0.9,1.41,4,1,2.44,0.13,0.4,0,4,0.067537,0.024246,0.054985,0.011652,0.17509,0.17048,0.047029,0.024167,0.14695,0.14475,0.12537,0.0439,0.069133,0.0453,1,1,0.075233,0.069733,1,1,1,1,1,1,0,0,1,1,0,0
0.12,0.81,0.9,1.41,4,1,2.44,0.13,0.4,0,5,0.067537,0.024246,0.054985,0.011652,0.17509,0.17048,0.047029,0.024167,0.14695,0.14475,0.12537,0.0439,0.069133,0.0453,1,1,0.075233,0.069733,1,1,1,1,1,1,0,0,1,1,0,0
0.12,0.81,0.9,1.41,4,1,2.44,0.13,0.4,0,6,0.067419,0.016657,0.036193,0.018837,0.17509,0.17047,0.045457,0.057758,0.14693,0.14446,0.12473,0.043679,0.12915,0.045072,1,1,0.074854,0.20642,1,1,1,1,1,1,0,0,1,1,0,0
0.12,0.81,0.9,1.41,4,1,2.44,0.13,0.4,1,1,0.01632,0.0069745,0.12807,0.012636,0.14392,0.10106,0.11609,0.29404,0.044155,0.080811,0.067,0.041733,1,0.043033,1,1,1,1,0.036467,0.097233,1,1,0,1,0,0,0,0,1,1
0.12,0.81,0.9,1.41,4,1,2.44,0.13,0.4,1,2,0.074839,0.070795,0.075099,0.053319,0.10281,0.097802,0.12035,0.16429,0.078023,0.1434,0.31974,0.26904,0.22352,0.18657,0.44862,0.37364,0.59024,1,0.26865,0.66304,1,1,1,1,1,1,1,0,1,1
0.12,0.81,0.9,1.41,4,1,2.44,0.13,0.4,1,3,0.04091,0.0008601,0.031959,0.0042019,0.003717,0.00034722,0.0012207,0.06951,0.0042203,0.0066788,0.084904,0.048802,0.048802,0.048802,0.048802,0.058708,0.070443,0.1354,0.039759,0.058708,1,1,1,1,1,1,1,1,1,1
0.12,0.81,0.9,1.41,4,1,2.44,0.13,0.4,1,4,0.01632,0.0069745,0.12807,0.012636,0.14392,0.10106,0.11609,0.29404,0.044155,0.080811,0.067,0.041733,1,0.043033,1,1,1,1,0.036467,0.097233,1,1,0,1,0,0,0,0,1,1
0.12,0.81,0.9,1.41,4,1,2.44,0.13,0.4,1,5,0.01632,0.0069745,0.12807,0.012636,0.14392,0.10106,0.11609,0.29404,0.044155,0.080811,0.067,0.041733,1,0.043033,1,1,1,1,0.036467,0.097233,1,1,0,1,0,0,0,0,1,1
0.12,0.81,0.9,1.41,4,1,2.44,0.13,0.4,1,6,0.01632,0.012868,0.12807,0.010766,0.14392,0.10106,0.11609,0.29404,0.044155,0.080811,0.067,0.041733,1,0.043033,1,1,1,1,0.036467,0.097233,1,1,0,1,0,0,0,0,1,1
0.19,0.22,0.43,1.23,3,3,1.22,1.13,0.07,0,1,0.4516,0.34833,0.45085,0.44634,0.45034,0.44414,0.44805,0.42726,0.44523,0.42841,1,1,1,1,1,1,1,1,1,1,0,0,0,0,0,0,0,0,0,0
0.19,0.22,0.43,1.23,3,3,1.22,1.13,0.07,0,2,0.45151,0.45075,0.45334,0.44483,0.44906,0.44515,0.44648,0.43644,0.44604,0.44977,1,1,1,1,1,1,1,1,1,1,0,0,0,0,0,0,0,0,0,0
0.19,0.22,0.43,1.23,3,3,1.22,1.13,0.07,0,3,0.45116,0.44822,0.45197,0.44361,0.44583,0.44408,0.44611,0.44667,0.44449,0.44399,1,1,1,1,1,1,1,1,1,1,0,0,0,0,0,0,0,0,0,0
0.19,0.22,0.43,1.23,3,3,1.22,1.13,0.07,0,4,0.45305,0.44951,0.45263,0.44523,0.44816,0.44492,0.44611,0.43414,0.44528,0.44945,1,1,1,1,1,1,1,1,1,1,0,0,0,0,0,0,0,0,0,0
0.19,0.22,0.43,1.23,3,3,1.22,1.13,0.07,0,5,0.45151,0.45075,0.45334,0.44483,0.44906,0.44515,0.44648,0.43644,0.44604,0.44977,1,1,1,1,1,1,1,1,1,1,0,0,0,0,0,0,0,0,0,0
0.19,0.22,0.43,1.23,3,3,1.22,1.13,0.07,0,6,0.45151,0.45075,0.45334,0.44483,0.44906,0.44515,0.44648,0.43644,0.44604,0.44977,1,1,1,1,1,1,1,1,1,1,0,0,0,0,0,0,0,0,0,0
0.19,0.22,0.43,1.23,3,3,1.22,1.13,0.07,1,1,0.44954,0.44794,0.45114,0.44331,0.44623,0.4425,0.44394,0.4465,0.44293,0.44582,1,1,1,1,1,1,1,1,1,1,0,0,0,0,0,0,0,0,0,0
0.19,0.22,0.43,1.23,3,3,1.22,1.13,0.07,1,2,0.45039,0.44866,0.4521,0.44427,0.44749,0.44361,0.44642,0.44766,0.44402,0.44789,1,1,1,1,1,1,1,1,1,1,0,0,0,0,0,0,0,0,0,0
0.19,0.22,0.43,1.23,3,3,1.22,1.13,0.07,1,3,0.44983,0.44826,0.45064,0.44371,0.4475,0.44292,0.44512,0.44694,0.44333,0.44752,1,1,1,1,1,1,1,1,1,1,0,0,0,0,0,0,0,0,0,0
0.19,0.22,0.43,1.23,3,3,1.22,1.13,0.07,1,4,0.45007,0.44832,0.45211,0.44387,0.44764,0.44321,0.44597,0.44731,0.44362,0.44737,1,1,1,1,1,1,1,1,1,1,0,0,0,0,0,0,0,0,0,0
0.19,0.22,0.43,1.23,3,3,1.22,1.13,0.07,1,5,0.45039,0.44866,0.4521,0.44427,0.44749,0.44361,0.44642,0.44766,0.44402,0.44789,1,1,1,1,1,1,1,1,1,1,0,0,0,0,0,0,0,0,0,0
0.19,0.22,0.43,1.23,3,3,1.22,1.13,0.07,1,6,0.45039,0.44866,0.4521,0.44427,0.44749,0.44361,0.44642,0.44766,0.44402,0.44789,1,1,1,1,1,1,1,1,1,1,0,0,0,0,0,0,0,0,0,0
0.19,0.86,0.29,1.29,2,1,0.48,1.75,0.04,0,1,0.46243,0.46155,0.46273,0.45997,0.46134,0.45972,0.46026,0.46135,0.4599,0.46106,1,1,1,1,1,1,1,1,1,1,0,0,0,0,0,0,0,0,0,0
0.19,0.86,0.29,1.29,2,1,0.48,1.75,0.04,0,2,0.46254,0.46167,0.46283,0.46011,0.46148,0.45986,0.4604,0.46147,0.46004,0.46119,1,1,1,1,1,1,1,1,1,1,0,0,0,0,0,0,0,0,0,0
0.19,0.86,0.29,1.29,2,1,0.48,1.75,0.04,0,3,0.46246,0.46157,0.46275,0.46,0.46137,0.45974,0.46038,0.46137,0.45993,0.46109,1,1,1,1,1,1,1,1,1,1,0,0,0,0,0,0,0,0,0,0
0.19,0.86,0.29,1.29,2,1,0.48,1.75,0.04,0,4,0.46254,0.46167,0.46283,0.46011,0.46148,0.45986,0.4604,0.46147,0.46004,0.46119,1,1,1,1,1,1,1,1,1,1,0,0,0,0,0,0,0,0,0,0
0.19,0.86,0.29,1.29,2,1,0.48,1.75,0.04,0,5,0.46254,0.46167,0.46283,0.46011,0.46148,0.45986,0.4604,0.46147,0.46004,0.46119,1,1,1,1,1,1,1,1,1,1,0,0,0,0,0,0,0,0,0,0
0.19,0.86,0.29,1.29,2,1,0.48,1.75,0.04,0,6,0.46254,0.46167,0.46283,0.46011,0.46148,0.45986,0.4604,0.46147,0.46004,0.46119,1,1,1,1,1,1,1,1,1,1,0,0,0,0,0,0,0,0,0,0
0.19,0.86,0.29,1.29,2,1,0.48,1.75,0.04,1,1,0.46243,0.46155,0.46273,0.45997,0.46134,0.45972,0.46026,0.46135,0.4599,0.46106,1,1,1,1,1,1,1,1,1,1,0,0,0,0,0,0,0,0,0,0
0.19,0.86,0.29,1.29,2,1,0.48,1.75,0.04,1,2,0.46254,0.46167,0.46283,0.46012,0.46149,0.45986,0.4604,0.46147,0.46004,0.46119,1,1,1,1,1,1,1,1,1,1,0,0,0,0,0,0,0,0,0,0
0.19,0.86,0.29,1.29,2,1,0.48,1.75,0.04,1,3,0.46246,0.46157,0.46275,0.46,0.46138,0.45974,0.46038,0.46137,0.45993,0.46109,1,1,1,1,1,1,1,1,1,1,0,0,0,0,0,0,0,0,0,0
0.19,0.86,0.29,1.29,2,1,0.48,1.75,0.04,1,4,0.46254,0.46167,0.46283,0.46012,0.46149,0.45986,0.4604,0.46147,0.46004,0.46119,1,1,1,1,1,1,1,1,1,1,0,0,0,0,0,0,0,0,0,0
0.19,0.86,0.29,1.29,2,1,0.48,1.75,0.04,1,5,0.46254,0.46167,0.46283,0.46012,0.46149,0.45986,0.4604,0.46147,0.46004,0.46119,1,1,1,1,1,1,1,1,1,1,0,0,0,0,0,0,0,0,0,0
0.19,0.86,0.29,1.29,2,1,0.48,1.75,0.04,1,6,0.46254,0.46167,0.46283,0.46012,0.46149,0.45986,0.4604,0.46147,0.46004,0.46119,1,1,1,1,1,1,1,1,1,1,0,0,0,0,0,0,0,0,0,0
0.14,0.53,0.87,1.26,0,3,1.13,1.81,0.79,0,1,0.076371,0.053751,0.16444,0.10547,0.2239,0.19205,0.21757,0.32024,0.12451,0.19628,0.21082,0.13565,1,1,1,1,1,1,1,1,1,1,0,0,0,0,0,0,0,0
0.14,0.53,0.87,1.26,0,3,1.13,1.81,0.79,0,2,0.13392,0.087049,0.070036,0.045106,0.1002,0.11761,0.072142,0.10669,0.083439,0.073308,0.9551,0.38136,0.15848,0.1551,0.55497,0.74222,0.25861,0.82566,0.44381,0.26262,1,1,1,1,1,1,1,1,1,1
0.14,0.53,0.87,1.26,0,3,1.13,1.81,0.79,0,3,0.10968,0.18337,0.080218,0.053224,0.032752,0.18627,0.21529,0.12235,0.031447,0.087765,0.57438,1,0.2531,0.067026,0.12097,1,1,1,0.093883,0.31892,1,0,1,1,1,0,0,0,1,1
0.14,0.53,0.87,1.26,0,3,1.13,1.81,0.79,0,4,0.076371,0.053751,0.16444,0.10547,0.2239,0.19205,0.21757,0.32024,0.12451,0.19628,0.21082,0.13565,1,1,1,1,1,1,1,1,1,1,0,0,0,0,0,0,0,0
0.14,0.53,0.87,1.26,0,3,1.13,1.81,0.79,0,5,0.076371,0.053751,0.16444,0.10547,0.2239,0.19205,0.21757,0.32024,0.12451,0.19628,0.21082,0.13565,1,1,1,1,1,1,1,1,1,1,0,0,0,0,0,0,0,0
0.14,0.53,0.87,1.26,0,3,1.13,1.81,0.79,0,6,0.076371,0.053751,0.16444,0.10547,0.2239,0.19205,0.21757,0.32024,0.12451,0.19628,0.21082,0.13565,1,1,1,1,1,1,1,1,1,1,0,0,0,0,0,0,0,0
0.14,0.53,0.87,1.26,0,3,1.13,1.81,0.79,1,1,0.090664,0.057252,0.062841,0.096894,0.17107,0.19097,0.19987,0.32009,0.065552,0.25731,0.53037,0.17346,0.088345,0.61785,1,1,1,1,0.097403,1,1,1,1,1,0,0,0,0,1,0
0.14,0.53,0.87,1.26,0,3,1.13,1.81,0.79,1,2,0.16275,0.12146,0.058199,0.043806,0.12878,0.13562,0.07641,0.092409,0.073441,0.085641,1,0.61691,0.1433,0.15466,0.85904,1,0.25114,0.34934,0.24695,0.28899,0,1,1,1,1,0,1,1,1,1
0.14,0.53,0.87,1.26,0,3,1.13,1.81,0.79,1,3,0.28777,0.18839,0.082393,0.0394,0.057088,0.16322,0.21529,0.15126,0.042745,0.046826,1,1,0.32157,0.10801,0.14168,0.90186,1,1,0.17243,0.13517,0,0,1,1,1,1,0,0,1,1
0.14,0.53,0.87,1.26,0,3,1.13,1.81,0.79,1,4,0.090664,0.057252,0.062841,0.096894,0.17107,0.19097,0.19987,0.32009,0.065552,0.25731,0.53037,0.17346,0.088345,0.61785,1,1,1,1,0.097403,1,1,1,1,1,0,0,0,0,1,0
0.14,0.53,0.87,1.26,0,3,1.13,1.81,0.79,1,5,0.090664,0.057252,0.062841,0.096894,0.17107,0.19097,0.19987,0.32009,0.065552,0.25731,0.53037,0.17346,0.088345,0.61785,1,1,1,1,0.097403,1,1,1,1,1,0,0,0,0,1,0
0.14,0.53,0.87,1.26,0,3,1.13,1.81,0.79,1,6,0.090664,0.057252,0.062841,0.096894,0.17107,0.19097,0.19987,0.32009,0.065552,0.25731,0.53037,0.17346,0.088345,0.61785,1,1,1,1,0.097403,1,1,1,1,1,0,0,0,0,1,0
0.11,0.68,0.84,1.35,4,1,0.66,2,0.48,0,1,0.034843,0.024622,0.065239,0.077103,0.0086339,0.021145,0.15133,0.02283,0.01126,0.022969,0.084667,0.053233,0.053233,0.0721,0.052367,0.12223,1,0.068267,0.0533,0.085767,1,1,1,1,1,1,0,1,1,1
0.11,0.68,0.84,1.35,4,1,0.66,2,0.48,0,2,0.12504,0.094404,0.091344,0.088847,0.12807,0.11637,0.16486,0.1863,0.12378,0.13889,0.50192,0.38955,0.38932,0.39038,0.62347,0.49848,1,1,0.62936,0.62565,1,1,1,1,1,1,0,0,1,1
0.11,0.68,0.84,1.35,4,1,0.66,2,0.48,0,3,0.04411,0.025509,0.043893,0.029295,0.030868,0.050907,0.023702,0.07374,0.035429,0.076185,0.13117,0.10162,0.10162,0.10162,0.10162,0.10162,0.10162,0.25486,0.10162,0.16459,1,1,1,1,1,1,1,1,1,1
0.11,0.68,0.84,1.35,4,1,0.66,2,0.48,0,4,0.034843,0.024622,0.065239,0.077103,0.0086339,0.021145,0.15133,0.02283,0.01126,0.022969,0.084667,0.053233,0.053233,0.0721,0.052367,0.12223,1,0.068267,0.0533,0.085767,1,1,1,1,1,1,0,1,1,1
0.11,0.68,0.84,1.35,4,1,0.66,2,0.48,0,5,0.03475,0.024553,0.0652,0.077057,0.0085428,0.023377,0.15128,0.022732,0.011191,0.07319,0.08419,0.052933,0.052933,0.071694,0.052072,0.12154,1,0.067882,0.053,0.085283,1,1,1,1,1,1,0,1,1,1
0.11,0.68,0.84,1.35,4,1,0.66,2,0.48,0,6,0.025365,0.024569,0.065209,0.077068,0.0083108,0.070593,0.15129,0.022755,0.011207,0.079328,0.084301,0.053004,0.053004,0.071789,0.052141,0.24554,1,0.067972,0.05307,0.28719,1,1,1,1,1,1,0,1,1,1
0.11,0.68,0.84,1.35,4,1,0.66,2,0.48,1,1,0.02531,0.023244,0.071621,0.0188,0.053555,0.092232,0.058596,0.031285,0.016215,0.053317,0.066334,0.05318,0.068198,0.052348,0.039527,1,0.11925,0.08658,0.067366,0.31136,1,1,1,1,1,0,1,1,1,1
0.11,0.68,0.84,1.35,4,1,0.66,2,0.48,1,2,0.12906,0.09688,0.094352,0.08731,0.12898,0.12805,0.16519,0.19637,0.1187,0.14443,0.50189,0.38971,0.38947,0.39053,0.62388,0.75426,1,1,0.50186,0.75413,1,1,1,1,1,1,0,0,1,1
0.11,0.68,0.84,1.35,4,1,0.66,2,0.48,1,3,0.061753,0.029326,0.051905,0.03071,0.028097,0.063118,0.0173,0.055016,0.038733,0.076239,0.13048,0.10149,0.10149,0.10149,0.10149,0.10149,0.10149,0.13031,0.10149,0.16389,1,1,1,1,1,1,1,1,1,1
0.11,0.68,0.84,1.35,4,1,0.66,2,0.48,1,4,0.02531,0.023244,0.071621,0.0188,0.053555,0.092232,0.058596,0.031285,0.016215,0.053317,0.066334,0.05318,0.068198,0.052348,0.039527,1,0.11925,0.08658,0.067366,0.31136,1,1,1,1,1,0,1,1,1,1
0.11,0.68,0.84,1.35,4,1,0.66,2,0.48,1,5,0.025162,0.023123,0.071559,0.018672,0.053499,0.09218,0.055697,0.03109,0.037476,0.090587,0.065717,0.052685,0.067564,0.051861,0.039159,1,0.11814,0.085775,0.066739,0.37902,1,1,1,1,1,0,1,1,1,1
0.11,0.68,0.84,1.35,4,1,0.66,2,0.48,1,6,0.025251,0.042052,0.071596,0.023209,0.053533,0.092211,0.062573,0.02634,0.050762,0.072755,0.066089,0.052984,0.067947,0.052155,0.039382,1,0.11881,0.086261,0.067118,0.28914,1,1,1,1,1,0,1,1,1,1
0.13,0.38,0.2,1.54,3,1,0.01,0.38,0.54,0,1,0.37997,0.3535,0.37796,0.33038,0.34373,0.32267,0.32869,0.3339,0.32199,0.36494,1,1,1,1,1,1,1,1,1,1,0,0,0,0,0,0,0,0,0,0
0.13,0.38,0.2,1.54,3,1,0.01,0.38,0.54,0,2,0.37288,0.36177,0.38876,0.33689,0.3471,0.32704,0.33977,0.36307,0.33422,0.36961,1,1,1,1,1,1,1,1,1,1,0,0,0,0,0,0,0,0,0,0
0.13,0.38,0.2,1.54,3,1,0.01,0.38,0.54,0,3,0.36919,0.35423,0.37769,0.33422,0.34445,0.32505,0.33345,0.35959,0.32427,0.36519,1,1,1,1,1,1,1,1,1,1,0,0,0,0,0,0,0,0,0,0
0.13,0.38,0.2,1.54,3,1,0.01,0.38,0.54,0,4,0.37997,0.35106,0.37807,0.33038,0.34387,0.32267,0.3279,0.33675,0.32192,0.36494,1,1,1,1,1,1,1,1,1,1,0,0,0,0,0,0,0,0,0,0
0.13,0.38,0.2,1.54,3,1,0.01,0.38,0.54,0,5,0.37997,0.35106,0.37807,0.33038,0.34387,0.32267,0.3279,0.33665,0.32192,0.36494,1,1,1,1,1,1,1,1,1,1,0,0,0,0,0,0,0,0,0,0
0.13,0.38,0.2,1.54,3,1,0.01,0.38,0.54,0,6,0.3777,0.35238,0.37519,0.33075,0.34407,0.32304,0.32809,0.3551,0.32235,0.3619,1,1,1,1,1,1,1,1,1,1,0,0,0,0,0,0,0,0,0,0
0.13,0.38,0.2,1.54,3,1,0.01,0.38,0.54,1,1,0.37997,0.35283,0.38203,0.33038,0.34674,0.32264,0.32916,0.34803,0.32214,0.33872,1,1,1,1,1,1,1,1,1,1,0,0,0,0,0,0,0,0,0,0
0.13,0.38,0.2,1.54,3,1,0.01,0.38,0.54,1,2,0.37286,0.3624,0.39206,0.33689,0.34948,0.327,0.34103,0.363,0.33451,0.36958,1,1,1,1,1,1,1,1,1,1,0,0,0,0,0,0,0,0,0,0
0.13,0.38,0.2,1.54,3,1,0.01,0.38,0.54,1,3,0.36919,0.3551,0.38131,0.33422,0.3471,0.32502,0.33595,0.35956,0.32428,0.36519,1,1,1,1,1,1,1,1,1,1,0,0,0,0,0,0,0,0,0,0
0.13,0.38,0.2,1.54,3,1,0.01,0.38,0.54,1,4,0.37996,0.35282,0.38199,0.33038,0.3467,0.32264,0.32916,0.34801,0.32212,0.33697,1,1,1,1,1,1,1,1,1,1,0,0,0,0,0,0,0,0,0,0
0.13,0.38,0.2,1.54,3,1,0.01,0.38,0.54,1,5,0.37996,0.35282,0.38199,0.33038,0.3467,0.32264,0.32916,0.34801,0.32212,0.33697,1,1,1,1,1,1,1,1,1,1,0,0,0,0,0,0,0,0,0,0
0.13,0.38,0.2,1.54,3,1,0.01,0.38,0.54,1,6,0.37769,0.35312,0.37884,0.33075,0.34683,0.32302,0.32916,0.35504,0.32248,0.36187,1,1,1,1,1,1,1,1,1,1,0,0,0,0,0,0,0,0,0,0
0.15,0.66,0.26,1.69,1,2,0.29,0.76,0.76,0,1,0.30954,0.30298,0.15464,0.26351,0.19012,0.29379,0.26082,0.24109,0.26163,0.31514,1,1,1,1,1,1,1,1,1,1,0,0,0,0,0,0,0,0,0,0
0.15,0.66,0.26,1.69,1,2,0.29,0.76,0.76,0,2,0.288,0.28326,0.27048,0.25781,0.26958,0.28156,0.25833,0.29584,0.25452,0.27186,1,1,1,1,1,1,1,1,1,1,0,0,0,0,0,0,0,0,0,0
0.15,0.66,0.26,1.69,1,2,0.29,0.76,0.76,0,3,0.33718,0.30534,0.3147,0.27795,0.28003,0.30099,0.28744,0.3282,0.26168,0.31767,1,1,1,1,1,1,1,1,1,1,0,0,0,0,0,0,0,0,0,0
0.15,0.66,0.26,1.69,1,2,0.29,0.76,0.76,0,4,0.30955,0.30298,0.15446,0.26349,0.19012,0.29379,0.26081,0.24112,0.26163,0.31516,1,1,1,1,1,1,1,1,1,1,0,0,0,0,0,0,0,0,0,0
0.15,0.66,0.26,1.69,1,2,0.29,0.76,0.76,0,5,0.30305,0.30377,0.29537,0.27075,0.19012,0.29379,0.26801,0.24018,0.25536,0.31119,1,1,1,1,1,1,1,1,1,1,0,0,0,0,0,0,0,0,0,0
0.15,0.66,0.26,1.69,1,2,0.29,0.76,0.76,0,6,0.30305,0.30377,0.29501,0.27075,0.19012,0.29379,0.26801,0.24018,0.25536,0.31119,1,1,1,1,1,1,1,1,1,1,0,0,0,0,0,0,0,0,0,0
0.15,0.66,0.26,1.69,1,2,0.29,0.76,0.76,1,1,0.32177,0.29999,0.31369,0.26586,0.084158,0.26028,0.2707,0.27277,0.24967,0.30706,1,1,1,1,0.20798,1,1,1,1,1,0,0,0,0,1,0,0,0,0,0
0.15,0.66,0.26,1.69,1,2,0.29,0.76,0.76,1,2,0.32895,0.28239,0.27231,0.2578,0.26957,0.25327,0.2707,0.25683,0.25451,0.27185,1,1,1,1,1,1,1,1,1,1,0,0,0,0,0,0,0,0,0,0
0.15,0.66,0.26,1.69,1,2,0.29,0.76,0.76,1,3,0.2906,0.31105,0.31956,0.27881,0.28701,0.27044,0.2891,0.31155,0.26218,0.32231,1,1,1,1,1,1,1,1,1,1,0,0,0,0,0,0,0,0,0,0
0.15,0.66,0.26,1.69,1,2,0.29,0.76,0.76,1,4,0.32166,0.29992,0.3136,0.2658,0.084131,0.26026,0.27063,0.27268,0.2496,0.30698,1,1,1,1,0.2061,1,1,1,1,1,0,0,0,0,1,0,0,0,0,0
0.15,0.66,0.26,1.69,1,2,0.29,0.76,0.76,1,5,0.32219,0.30378,0.31701,0.27048,0.088903,0.26146,0.27509,0.27417,0.25488,0.31033,1,1,1,1,0.99425,1,1,1,1,1,0,0,0,0,1,0,0,0,0,0
0.15,0.66,0.26,1.69,1,2,0.29,0.76,0.76,1,6,0.32219,0.30378,0.31701,0.27048,0.088903,0.26146,0.27509,0.27417,0.25488,0.31033,1,1,1,1,0.99425,1,1,1,1,1,0,0,0,0,1,0,0,0,0,0
0.15,0.35,0.68,1.97,1,0,0.38,0.32,0.34,0,1,0.1404,0.21859,0.08394,0.2307,0.17827,0.31711,0.21562,0.29424,0.16125,0.19688,1,1,0.072391,1,1,1,1,1,1,1,0,0,1,0,0,0,0,0,0,0
0.15,0.35,0.68,1.97,1,0,0.38,0.32,0.34,0,2,0.23737,0.32929,0.18077,0.1967,0.3542,0.33326,0.31432,0.34462,0.28775,0.37547,1,1,1,0.64841,1,1,1,1,1,1,0,0,0,1,0,0,0,0,0,0
0.15,0.35,0.68,1.97,1,0,0.38,0.32,0.34,0,3,0.34801,0.34388,0.3949,0.29827,0.30714,0.30598,0.23404,0.33301,0.31072,0.32962,1,1,1,1,1,1,1,1,1,1,0,0,0,0,0,0,0,0,0,0
0.15,0.35,0.68,1.97,1,0,0.38,0.32,0.34,0,4,0.1404,0.21859,0.08394,0.2307,0.17827,0.31711,0.21562,0.29424,0.16125,0.19688,1,1,0.072391,1,1,1,1,1,1,1,0,0,1,0,0,0,0,0,0,0
0.15,0.35,0.68,1.97,1,0,0.38,0.32,0.34,0,5,0.13336,0.26817,0.083883,0.26335,0.17816,0.31664,0.20958,0.29375,0.16091,0.19679,1,1,0.072026,0.97721,1,1,1,1,1,1,0,0,1,1,0,0,0,0,0,0
0.15,0.35,0.68,1.97,1,0,0.38,0.32,0.34,0,6,0.13333,0.34153,0.37492,0.20094,0.34368,0.32966,0.32309,0.33891,0.17253,0.18407,1,1,1,1,1,1,1,1,0.60794,1,0,0,0,0,0,0,0,0,1,0
0.15,0.35,0.68,1.97,1,0,0.38,0.32,0.34,1,1,0.38907,0.31582,0.1464,0.30433,0.2788,0.28546,0.32752,0.28415,0.32945,0.33858,1,1,1,1,1,1,1,1,1,1,0,0,0,0,0,0,0,0,0,0
0.15,0.35,0.68,1.97,1,0,0.38,0.32,0.34,1,2,0.36173,0.35542,0.37874,0.31806,0.33925,0.31691,0.33071,0.36517,0.31613,0.35314,1,1,1,1,1,1,1,1,1,1,0,0,0,0,0,0,0,0,0,0
0.15,0.35,0.68,1.97,1,0,0.38,0.32,0.34,1,3,0.37337,0.33491,0.38682,0.31501,0.32562,0.29288,0.33093,0.35983,0.31729,0.37584,1,1,1,1,1,1,1,1,1,1,0,0,0,0,0,0,0,0,0,0
0.15,0.35,0.68,1.97,1,0,0.38,0.32,0.34,1,4,0.38907,0.31582,0.1464,0.30433,0.2788,0.28546,0.32752,0.28415,0.32945,0.33858,1,1,1,1,1,1,1,1,1,1,0,0,0,0,0,0,0,0,0,0
0.15,0.35,0.68,1.97,1,0,0.38,0.32,0.34,1,5,0.389,0.31571,0.14618,0.30425,0.27867,0.28526,0.32751,0.2835,0.32941,0.33839,1,1,1,1,1,1,1,1,1,1,0,0,0,0,0,0,0,0,0,0
0.15,0.35,0.68,1.97,1,0,0.38,0.32,0.34,1,6,0.3753,0.34325,0.38453,0.31678,0.30573,0.31278,0.32478,0.36587,0.31202,0.35512,1,1,1,1,1,1,1,1,1,1,0,0,0,0,0,0,0,0,0,0
0.16,0.7,0.59,1.94,3,4,1.41,0.82,0.2,0,1,0.12518,0.37952,0.38832,0.27899,0.24138,0.36409,0.29275,0.29817,0.21405,0.28048,0.68012,1,1,1,0.64282,1,1,1,1,1,1,0,0,0,1,0,0,0,0,0
0.16,0.7,0.59,1.94,3,4,1.41,0.82,0.2,0,2,0.40297,0.38662,0.39245,0.37226,0.37712,0.3672,0.37075,0.38807,0.37081,0.38491,1,1,1,1,1,1,1,1,1,1,0,0,0,0,0,0,0,0,0,0
0.16,0.7,0.59,1.94,3,4,1.41,0.82,0.2,0,3,0.38991,0.38314,0.37743,0.36633,0.37395,0.36436,0.36267,0.38568,0.3298,0.38256,1,1,1,1,1,1,1,1,1,1,0,0,0,0,0,0,0,0,0,0
0.16,0.7,0.59,1.94,3,4,1.41,0.82,0.2,0,4,0.39897,0.37418,0.37501,0.3688,0.2881,0.36411,0.36516,0.38574,0.3677,0.38176,1,1,1,1,0.78364,1,1,1,1,1,0,0,0,0,1,0,0,0,0,0
0.16,0.7,0.59,1.94,3,4,1.41,0.82,0.2,0,5,0.40665,0.38541,0.39215,0.36967,0.3721,0.36492,0.36763,0.38626,0.3682,0.38197,1,1,1,1,1,1,1,1,1,1,0,0,0,0,0,0,0,0,0,0
0.16,0.7,0.59,1.94,3,4,1.41,0.82,0.2,0,6,0.39374,0.38487,0.39174,0.37033,0.37269,0.36592,0.36911,0.38639,0.3688,0.35093,1,1,1,1,1,1,1,1,1,1,0,0,0,0,0,0,0,0,0,0
0.16,0.7,0.59,1.94,3,4,1.41,0.82,0.2,1,1,0.39343,0.38102,0.29007,0.36877,0.36931,0.2987,0.37124,0.37507,0.17545,0.3769,1,1,1,1,1,1,1,1,1,1,0,0,0,0,0,0,0,0,0,0
0.16,0.7,0.59,1.94,3,4,1.41,0.82,0.2,1,2,0.39594,0.38613,0.40481,0.37239,0.37762,0.36706,0.3739,0.39022,0.37097,0.38219,1,1,1,1,1,1,1,1,1,1,0,0,0,0,0,0,0,0,0,0
0.16,0.7,0.59,1.94,3,4,1.41,0.82,0.2,1,3,0.38747,0.382,0.40229,0.36819,0.37145,0.36376,0.37171,0.38895,0.36785,0.37825,1,1,1,1,1,1,1,1,1,1,0,0,0,0,0,0,0,0,0,0
0.16,0.7,0.59,1.94,3,4,1.41,0.82,0.2,1,4,0.39584,0.38293,0.40163,0.36875,0.37092,0.36355,0.37065,0.3895,0.36727,0.37887,1,1,1,1,1,1,1,1,1,1,0,0,0,0,0,0,0,0,0,0
0.16,0.7,0.59,1.94,3,4,1.41,0.82,0.2,1,5,0.39521,0.38374,0.40251,0.36986,0.37269,0.36464,0.37096,0.38653,0.36809,0.38005,1,1,1,1,1,1,1,1,1,1,0,0,0,0,0,0,0,0,0,0
0.16,0.7,0.59,1.94,3,4,1.41,0.82,0.2,1,6,0.38006,0.38457,0.40352,0.37063,0.36902,0.36534,0.37214,0.38763,0.36932,0.38278,1,1,1,1,1,1,1,1,1,1,0,0,0,0,0,0,0,0,0,0
0.12,0.31,0.18,1.57,2,1,2.91,1.56,0.32,0,1,0.33515,0.40134,0.41564,0.38743,0.40816,0.38351,0.39126,0.40015,0.3862,0.31057,1,1,1,1,1,1,1,1,1,1,0,0,0,0,0,0,0,0,0,0
0.12,0.31,0.18,1.57,2,1,2.91,1.56,0.32,0,2,0.40559,0.40225,0.41594,0.38797,0.39864,0.3833,0.39149,0.40451,0.38746,0.40368,1,1,1,1,1,1,1,1,1,1,0,0,0,0,0,0,0,0,0,0
0.12,0.31,0.18,1.57,2,1,2.91,1.56,0.32,0,3,0.40739,0.40084,0.41482,0.38713,0.39521,0.38281,0.38905,0.39825,0.38561,0.40385,1,1,1,1,1,1,1,1,1,1,0,0,0,0,0,0,0,0,0,0
0.12,0.31,0.18,1.57,2,1,2.91,1.56,0.32,0,4,0.33514,0.40134,0.41564,0.38744,0.40816,0.38351,0.39127,0.40015,0.38621,0.31034,1,1,1,1,1,1,1,1,1,1,0,0,0,0,0,0,0,0,0,0
0.12,0.31,0.18,1.57,2,1,2.91,1.56,0.32,0,5,0.40209,0.40151,0.41579,0.38763,0.40177,0.38371,0.39145,0.40031,0.38641,0.40478,1,1,1,1,1,1,1,1,1,1,0,0,0,0,0,0,0,0,0,0
0.12,0.31,0.18,1.57,2,1,2.91,1.56,0.32,0,6,0.40209,0.40151,0.41579,0.38763,0.40177,0.38371,0.39145,0.40031,0.38641,0.40478,1,1,1,1,1,1,1,1,1,1,0,0,0,0,0,0,0,0,0,0
0.12,0.31,0.18,1.57,2,1,2.91,1.56,0.32,1,1,0.34004,0.40134,0.42609,0.38743,0.40816,0.38348,0.39127,0.40013,0.38621,0.37284,1,1,1,1,1,1,1,1,1,1,0,0,0,0,0,0,0,0,0,0
0.12,0.31,0.18,1.57,2,1,2.91,1.56,0.32,1,2,0.4078,0.40225,0.4188,0.38797,0.39865,0.38328,0.3915,0.40061,0.38746,0.40367,1,1,1,1,1,1,1,1,1,1,0,0,0,0,0,0,0,0,0,0
0.12,0.31,0.18,1.57,2,1,2.91,1.56,0.32,1,3,0.40738,0.40084,0.42096,0.38713,0.39522,0.38279,0.38905,0.39823,0.38562,0.40384,1,1,1,1,1,1,1,1,1,1,0,0,0,0,0,0,0,0,0,0
0.12,0.31,0.18,1.57,2,1,2.91,1.56,0.32,1,4,0.34003,0.40134,0.42609,0.38744,0.40816,0.38348,0.39127,0.40013,0.38621,0.37282,1,1,1,1,1,1,1,1,1,1,0,0,0,0,0,0,0,0,0,0
0.12,0.31,0.18,1.57,2,1,2.91,1.56,0.32,1,5,0.40208,0.4015,0.42117,0.38763,0.40178,0.38369,0.39146,0.4003,0.38642,0.40478,1,1,1,1,1,1,1,1,1,1,0,0,0,0,0,0,0,0,0,0
0.12,0.31,0.18,1.57,2,1,2.91,1.56,0.32,1,6,0.40208,0.4015,0.42117,0.38763,0.40178,0.38369,0.39146,0.4003,0.38642,0.40478,1,1,1,1,1,1,1,1,1,1,0,0,0,0,0,0,0,0,0,0
0.17,0.62,0.34,1.88,1,2,2.81,1.44,0.23,0,1,0.34453,0.41346,0.42368,0.41973,0.4041,0.42022,0.41914,0.42056,0.42223,0.28386,1,1,1,1,1,1,1,1,1,1,0,0,0,0,0,0,0,0,0,0
0.17,0.62,0.34,1.88,1,2,2.81,1.44,0.23,0,2,0.42461,0.41384,0.4247,0.41364,0.40668,0.40763,0.42197,0.41757,0.41236,0.42222,1,1,1,1,1,1,1,1,1,1,0,0,0,0,0,0,0,0,0,0
0.17,0.62,0.34,1.88,1,2,2.81,1.44,0.23,0,3,0.42183,0.41298,0.42414,0.41399,0.40544,0.41002,0.42906,0.41606,0.41159,0.42124,1,1,1,1,1,1,1,1,1,1,0,0,0,0,0,0,0,0,0,0
0.17,0.62,0.34,1.88,1,2,2.81,1.44,0.23,0,4,0.3445,0.41255,0.42348,0.41973,0.40512,0.42022,0.41914,0.42056,0.42223,0.28385,1,1,1,1,1,1,1,1,1,1,0,0,0,0,0,0,0,0,0,0
0.17,0.62,0.34,1.88,1,2,2.81,1.44,0.23,0,5,0.43048,0.41279,0.42369,0.41174,0.40516,0.40669,0.42107,0.4147,0.41133,0.42061,1,1,1,1,1,1,1,1,1,1,0,0,0,0,0,0,0,0,0,0
0.17,0.62,0.34,1.88,1,2,2.81,1.44,0.23,0,6,0.43048,0.41279,0.42369,0.41174,0.40516,0.40669,0.42107,0.4147,0.41133,0.42061,1,1,1,1,1,1,1,1,1,1,0,0,0,0,0,0,0,0,0,0
0.17,0.62,0.34,1.88,1,2,2.81,1.44,0.23,1,1,0.39931,0.41255,0.42348,0.26893,0.40396,0.41749,0.42479,0.42053,0.41917,0.41832,1,1,1,1,1,1,1,1,1,1,0,0,0,0,0,0,0,0,0,0
0.17,0.62,0.34,1.88,1,2,2.81,1.44,0.23,1,2,0.41681,0.41384,0.4247,0.41278,0.40891,0.40452,0.41123,0.4171,0.40951,0.40576,1,1,1,1,1,1,1,1,1,1,0,0,0,0,0,0,0,0,0,0
0.17,0.62,0.34,1.88,1,2,2.81,1.44,0.23,1,3,0.41959,0.41302,0.4241,0.41399,0.40332,0.40967,0.41094,0.41595,0.40858,0.40972,1,1,1,1,1,1,1,1,1,1,0,0,0,0,0,0,0,0,0,0
0.17,0.62,0.34,1.88,1,2,2.81,1.44,0.23,1,4,0.3993,0.41255,0.42348,0.26884,0.40396,0.4175,0.42479,0.42053,0.41917,0.41832,1,1,1,1,1,1,1,1,1,1,0,0,0,0,0,0,0,0,0,0
0.17,0.62,0.34,1.88,1,2,2.81,1.44,0.23,1,5,0.40644,0.41279,0.42369,0.4117,0.40424,0.40545,0.42101,0.41636,0.40844,0.39452,1,1,1,1,1,1,1,1,1,1,0,0,0,0,0,0,0,0,0,0
0.17,0.62,0.34,1.88,1,2,2.81,1.44,0.23,1,6,0.40644,0.41279,0.42369,0.4117,0.40424,0.40545,0.42101,0.41636,0.40844,0.39452,1,1,1,1,1,1,1,1,1,1,0,0,0,0,0,0,0,0,0,0
0.13,0.33,0.76,1.91,2,0,1.97,1.5,0.65,0,1,0.17596,0.20753,0.098962,0.063573,0.1883,0.18011,0.090192,0.2844,0.1645,0.24032,1,1,1,0.086267,1,1,0.1878,1,1,1,0,0,0,1,0,0,1,0,0,0
0.13,0.33,0.76,1.91,2,0,1.97,1.5,0.65,0,2,0.2124,0.081679,0.056154,0.13302,0.21249,0.14093,0.2265,0.24637,0.098626,0.19095,1,0.23919,0.20131,1,1,1,1,1,0.30646,1,0,1,1,0,0,0,0,0,1,0
0.13,0.33,0.76,1.91,2,0,1.97,1.5,0.65,0,3,0.19175,0.27718,0.13112,0.10697,0.06631,0.15216,0.11103,0.24246,0.057254,0.171,1,1,1,1,0.04606,1,1,1,0.099381,1,0,0,0,0,1,0,0,0,1,0
0.13,0.33,0.76,1.91,2,0,1.97,1.5,0.65,0,4,0.17596,0.20753,0.098962,0.063573,0.1883,0.18011,0.090192,0.2844,0.1645,0.24032,1,1,1,0.086267,1,1,0.1878,1,1,1,0,0,0,1,0,0,1,0,0,0
0.13,0.33,0.76,1.91,2,0,1.97,1.5,0.65,0,5,0.17236,0.20872,0.093664,0.063981,0.1883,0.18008,0.090134,0.2844,0.1645,0.24032,1,1,1,0.085923,1,1,0.18705,1,1,1,0,0,0,1,0,0,1,0,0,0
0.13,0.33,0.76,1.91,2,0,1.97,1.5,0.65,0,6,0.17063,0.20473,0.096214,0.052614,0.1883,0.17348,0.16077,0.2844,0.1645,0.24031,1,1,1,0.085826,1,1,1,1,1,1,0,0,0,1,0,0,0,0,0,0
0.13,0.33,0.76,1.91,2,0,1.97,1.5,0.65,1,1,0.28349,0.03809,0.16848,0.18854,0.20472,0.22255,0.13434,0.28053,0.12015,0.18571,1,0.062413,1,1,1,1,1,1,1,1,0,1,0,0,0,0,0,0,0,0
0.13,0.33,0.76,1.91,2,0,1.97,1.5,0.65,1,2,0.21665,0.11199,0.082877,0.13804,0.21802,0.14334,0.24103,0.25397,0.10641,0.19788,1,0.52182,0.27646,1,1,1,1,1,0.49962,1,0,1,1,0,0,0,0,0,1,0
0.13,0.33,0.76,1.91,2,0,1.97,1.5,0.65,1,3,0.19552,0.27718,0.12409,0.11211,0.10261,0.15451,0.14858,0.24738,0.15081,0.20622,1,1,1,1,1,1,1,1,1,1,0,0,0,0,0,0,0,0,0,0
0.13,0.33,0.76,1.91,2,0,1.97,1.5,0.65,1,4,0.28349,0.03809,0.16848,0.18854,0.20472,0.22255,0.13434,0.28053,0.12015,0.18571,1,0.062413,1,1,1,1,1,1,1,1,0,1,0,0,0,0,0,0,0,0
0.13,0.33,0.76,1.91,2,0,1.97,1.5,0.65,1,5,0.28336,0.038005,0.16906,0.18842,0.20471,0.22247,0.13417,0.28053,0.12012,0.18556,1,0.061851,1,1,1,1,1,1,1,1,0,1,0,0,0,0,0,0,0,0
0.13,0.33,0.76,1.91,2,0,1.97,1.5,0.65,1,6,0.28028,0.028694,0.16269,0.18208,0.20471,0.21285,0.13404,0.28053,0.12012,0.18084,1,0.061851,1,1,1,1,1,1,1,1,0,1,0,0,0,0,0,0,0,0
0.16,0.64,0.54,2,3,4,1.69,1.32,0.73,0,1,0.18637,0.20692,0.19554,0.13713,0.031109,0.12162,0.12555,0.20685,0.12128,0.17487,1,1,1,1,0.23029,1,1,1,1,1,0,0,0,0,1,0,0,0,0,0
0.16,0.64,0.54,2,3,4,1.69,1.32,0.73,0,2,0.22567,0.20603,0.16221,0.16175,0.14993,0.16528,0.19378,0.20915,0.15471,0.18698,1,1,1,1,1,1,1,1,1,1,0,0,0,0,0,0,0,0,0,0
0.16,0.64,0.54,2,3,4,1.69,1.32,0.73,0,3,0.24309,0.21813,0.19119,0.17937,0.18381,0.17714,0.23646,0.24572,0.15868,0.23781,1,1,1,1,1,1,1,1,1,1,0,0,0,0,0,0,0,0,0,0
0.16,0.64,0.54,2,3,4,1.69,1.32,0.73,0,4,0.18953,0.20421,0.19666,0.16191,0.12135,0.13308,0.14712,0.23736,0.15364,0.20952,1,1,1,1,0.54508,1,1,1,1,1,0,0,0,0,1,0,0,0,0,0
0.16,0.64,0.54,2,3,4,1.69,1.32,0.73,0,5,0.18872,0.21473,0.19744,0.16573,0.1415,0.13287,0.16008,0.23831,0.15307,0.21498,1,1,1,1,1,1,1,1,1,1,0,0,0,0,0,0,0,0,0,0
0.16,0.64,0.54,2,3,4,1.69,1.32,0.73,0,6,0.19077,0.21579,0.19834,0.16159,0.14556,0.13425,0.16927,0.25147,0.14774,0.2148,1,1,1,1,1,1,1,1,1,1,0,0,0,0,0,0,0,0,0,0
0.16,0.64,0.54,2,3,4,1.69,1.32,0.73,1,1,0.18302,0.22043,0.20156,0.17442,0.16209,0.13281,0.17248,0.24067,0.15012,0.23468,1,1,1,1,1,1,1,1,1,1,0,0,0,0,0,0,0,0,0,0
0.16,0.64,0.54,2,3,4,1.69,1.32,0.73,1,2,0.23276,0.20579,0.16493,0.17027,0.17055,0.16849,0.19469,0.2085,0.15472,0.19549,1,1,1,1,1,1,1,1,1,1,0,0,0,0,0,0,0,0,0,0
0.16,0.64,0.54,2,3,4,1.69,1.32,0.73,1,3,0.24248,0.21651,0.19179,0.17788,0.18975,0.1779,0.23705,0.24426,0.15924,0.23661,1,1,1,1,1,1,1,1,1,1,0,0,0,0,0,0,0,0,0,0
0.16,0.64,0.54,2,3,4,1.69,1.32,0.73,1,4,0.18421,0.22271,0.19933,0.17607,0.16839,0.13421,0.17375,0.24258,0.15071,0.23603,1,1,1,1,1,1,1,1,1,1,0,0,0,0,0,0,0,0,0,0
0.16,0.64,0.54,2,3,4,1.69,1.32,0.73,1,5,0.18943,0.22273,0.20011,0.17648,0.17037,0.1352,0.17296,0.24066,0.15115,0.23161,1,1,1,1,1,1,1,1,1,1,0,0,0,0,0,0,0,0,0,0
0.16,0.64,0.54,2,3,4,1.69,1.32,0.73,1,6,0.071534,0.22074,0.20039,0.17329,0.16928,0.11501,0.17269,0.23594,0.15072,0.24786,0.12974,1,1,1,1,1,1,1,1,1,1,0,0,0,0,0,0,0,0,0
0.11,0.55,0.46,1.51,2,2,1.51,1,0.46,0,1,0.32565,0.32604,0.33477,0.234,0.30357,0.29726,0.28135,0.32881,0.27786,0.1674,1,1,1,1,1,1,1,1,1,1,0,0,0,0,0,0,0,0,0,0
0.11,0.55,0.46,1.51,2,2,1.51,1,0.46,0,2,0.33914,0.3285,0.32401,0.30966,0.30427,0.29783,0.30477,0.32928,0.28153,0.34304,1,1,1,1,1,1,1,1,1,1,0,0,0,0,0,0,0,0,0,0
0.11,0.55,0.46,1.51,2,2,1.51,1,0.46,0,3,0.32755,0.32453,0.32829,0.28575,0.30508,0.29319,0.30229,0.32508,0.28513,0.29716,1,1,1,1,1,1,1,1,1,1,0,0,0,0,0,0,0,0,0,0
0.11,0.55,0.46,1.51,2,2,1.51,1,0.46,0,4,0.35157,0.32469,0.33575,0.30886,0.30246,0.29707,0.29907,0.32836,0.27892,0.19011,1,1,1,1,1,1,1,1,1,1,0,0,0,0,0,0,0,0,0,0
0.11,0.55,0.46,1.51,2,2,1.51,1,0.46,0,5,0.36077,0.32608,0.33533,0.30331,0.30469,0.29447,0.29971,0.32622,0.29742,0.33168,1,1,1,1,1,1,1,1,1,1,0,0,0,0,0,0,0,0,0,0
0.11,0.55,0.46,1.51,2,2,1.51,1,0.46,0,6,0.36077,0.32608,0.33533,0.30331,0.30469,0.29447,0.29971,0.32622,0.29742,0.33168,1,1,1,1,1,1,1,1,1,1,0,0,0,0,0,0,0,0,0,0
0.11,0.55,0.46,1.51,2,2,1.51,1,0.46,1,1,0.34878,0.32256,0.33595,0.28737,0.29757,0.28509,0.29684,0.31897,0.28597,0.32129,1,1,1,1,1,1,1,1,1,1,0,0,0,0,0,0,0,0,0,0
0.11,0.55,0.46,1.51,2,2,1.51,1,0.46,1,2,0.32857,0.32979,0.32685,0.29665,0.30537,0.29328,0.30519,0.32632,0.29594,0.3285,1,1,1,1,1,1,1,1,1,1,0,0,0,0,0,0,0,0,0,0
0.11,0.55,0.46,1.51,2,2,1.51,1,0.46,1,3,0.33023,0.3267,0.32972,0.30021,0.30284,0.28822,0.30295,0.32443,0.28957,0.32925,1,1,1,1,1,1,1,1,1,1,0,0,0,0,0,0,0,0,0,0
0.11,0.55,0.46,1.51,2,2,1.51,1,0.46,1,4,0.3509,0.32573,0.33893,0.29011,0.30081,0.28829,0.29886,0.32206,0.2893,0.32368,1,1,1,1,1,1,1,1,1,1,0,0,0,0,0,0,0,0,0,0
0.11,0.55,0.46,1.51,2,2,1.51,1,0.46,1,5,0.35096,0.32626,0.33979,0.30186,0.30181,0.2893,0.29918,0.3243,0.29456,0.33025,1,1,1,1,1,1,1,1,1,1,0,0,0,0,0,0,0,0,0,0
0.11,0.55,0.46,1.51,2,2,1.51,1,0.46,1,6,0.35096,0.32626,0.33979,0.30186,0.30181,0.2893,0.29918,0.3243,0.29456,0.33025,1,1,1,1,1,1,1,1,1,1,0,0,0,0,0,0,0,0,0,0
0.01,0.83,0.51,1.81,1,2,0.94,1.07,0.01,0,1,0.46729,0.46708,0.46737,0.46668,0.46702,0.46661,0.46676,0.46702,0.46666,0.46695,1,1,1,1,1,1,1,1,1,1,0,0,0,0,0,0,0,0,0,0
0.01,0.83,0.51,1.81,1,2,0.94,1.07,0.01,0,2,0.46732,0.46711,0.46739,0.46671,0.46705,0.46665,0.4668,0.46706,0.4667,0.46698,1,1,1,1,1,1,1,1,1,1,0,0,0,0,0,0,0,0,0,0
0.01,0.83,0.51,1.81,1,2,0.94,1.07,0.01,0,3,0.4673,0.46708,0.46737,0.46668,0.46703,0.46662,0.46677,0.46703,0.46667,0.46696,1,1,1,1,1,1,1,1,1,1,0,0,0,0,0,0,0,0,0,0
0.01,0.83,0.51,1.81,1,2,0.94,1.07,0.01,0,4,0.46732,0.46711,0.46739,0.46671,0.46705,0.46665,0.4668,0.46706,0.4667,0.46698,1,1,1,1,1,1,1,1,1,1,0,0,0,0,0,0,0,0,0,0
0.01,0.83,0.51,1.81,1,2,0.94,1.07,0.01,0,5,0.46732,0.46711,0.46739,0.46671,0.46705,0.46665,0.4668,0.46706,0.4667,0.46698,1,1,1,1,1,1,1,1,1,1,0,0,0,0,0,0,0,0,0,0
0.01,0.83,0.51,1.81,1,2,0.94,1.07,0.01,0,6,0.46732,0.46711,0.46739,0.46671,0.46705,0.46665,0.4668,0.46706,0.4667,0.46698,1,1,1,1,1,1,1,1,1,1,0,0,0,0,0,0,0,0,0,0
0.01,0.83,0.51,1.81,1,2,0.94,1.07,0.01,1,1,0.46729,0.46708,0.46737,0.46668,0.46702,0.46661,0.46676,0.46702,0.46666,0.46695,1,1,1,1,1,1,1,1,1,1,0,0,0,0,0,0,0,0,0,0
0.01,0.83,0.51,1.81,1,2,0.94,1.07,0.01,1,2,0.46732,0.46711,0.4674,0.46672,0.46705,0.46665,0.4668,0.46706,0.4667,0.46698,1,1,1,1,1,1,1,1,1,1,0,0,0,0,0,0,0,0,0,0
0.01,0.83,0.51,1.81,1,2,0.94,1.07,0.01,1,3,0.4673,0.46708,0.46737,0.46668,0.46703,0.46662,0.46677,0.46703,0.46667,0.46696,1,1,1,1,1,1,1,1,1,1,0,0,0,0,0,0,0,0,0,0
0.01,0.83,0.51,1.81,1,2,0.94,1.07,0.01,1,4,0.46732,0.46711,0.4674,0.46672,0.46705,0.46665,0.4668,0.46706,0.4667,0.46698,1,1,1,1,1,1,1,1,1,1,0,0,0,0,0,0,0,0,0,0
0.01,0.83,0.51,1.81,1,2,0.94,1.07,0.01,1,5,0.46732,0.46711,0.4674,0.46672,0.46705,0.46665,0.4668,0.46706,0.4667,0.46698,1,1,1,1,1,1,1,1,1,1,0,0,0,0,0,0,0,0,0,0
0.01,0.83,0.51,1.81,1,2,0.94,1.07,0.01,1,6,0.46732,0.46711,0.4674,0.46672,0.46705,0.46665,0.4668,0.46706,0.4667,0.46698,1,1,1,1,1,1,1,1,1,1,0,0,0,0,0,0,0,0,0,0
0.03,0.2,0.79,1.63,2,3,0.76,1.38,0.09,0,1,0.4363,0.42925,0.12087,0.31765,0.27727,0.44613,0.34484,0.16229,0.20384,0.22666,1,1,0.56805,1,0.73495,1,1,0.59622,1,1,0,0,1,0,1,0,0,1,0,0
0.03,0.2,0.79,1.63,2,3,0.76,1.38,0.09,0,2,0.44883,0.42567,0.28136,0.40563,0.41888,0.42921,0.41586,0.39026,0.3891,0.41492,1,1,1,1,1,1,1,1,1,1,0,0,0,0,0,0,0,0,0,0
0.03,0.2,0.79,1.63,2,3,0.76,1.38,0.09,0,3,0.4503,0.42616,0.17695,0.42384,0.42448,0.42746,0.42195,0.32949,0.33318,0.43614,1,1,1,1,1,1,1,1,1,1,0,0,0,0,0,0,0,0,0,0
0.03,0.2,0.79,1.63,2,3,0.76,1.38,0.09,0,4,0.43578,0.42487,0.21712,0.32813,0.40094,0.44557,0.41149,0.16206,0.31322,0.23477,1,1,1,1,1,1,1,0.5933,1,1,0,0,0,0,0,0,0,1,0,0
0.03,0.2,0.79,1.63,2,3,0.76,1.38,0.09,0,5,0.44883,0.42567,0.19505,0.38807,0.41888,0.42921,0.40202,0.38434,0.37095,0.41492,1,1,1,1,1,1,1,1,1,1,0,0,0,0,0,0,0,0,0,0
0.03,0.2,0.79,1.63,2,3,0.76,1.38,0.09,0,6,0.44882,0.42567,0.22279,0.40559,0.41887,0.4292,0.41582,0.3141,0.34696,0.41491,1,1,1,1,1,1,1,0.7062,1,1,0,0,0,0,0,0,0,1,0,0
0.03,0.2,0.79,1.63,2,3,0.76,1.38,0.09,1,1,0.42381,0.41269,0.029725,0.39909,0.2284,0.31036,0.41952,0.37611,0.40893,0.42016,1,1,0.10489,1,0.59327,1,1,1,1,1,0,0,1,0,1,0,0,0,0,0
0.03,0.2,0.79,1.63,2,3,0.76,1.38,0.09,1,2,0.44369,0.42165,0.4322,0.41707,0.41682,0.43038,0.4426,0.43442,0.42114,0.42711,1,1,1,1,1,1,1,1,1,1,0,0,0,0,0,0,0,0,0,0
0.03,0.2,0.79,1.63,2,3,0.76,1.38,0.09,1,3,0.42957,0.40959,0.42915,0.40281,0.41073,0.42654,0.43373,0.42467,0.41729,0.41598,1,1,1,1,1,1,1,1,1,1,0,0,0,0,0,0,0,0,0,0
0.03,0.2,0.79,1.63,2,3,0.76,1.38,0.09,1,4,0.43194,0.42231,0.032022,0.40838,0.41505,0.31981,0.43399,0.3811,0.42894,0.42953,1,1,0.10399,1,1,1,1,1,1,1,0,0,1,0,0,0,0,0,0,0
0.03,0.2,0.79,1.63,2,3,0.76,1.38,0.09,1,5,0.44369,0.42165,0.4322,0.41707,0.41682,0.43038,0.4426,0.43442,0.42114,0.42711,1,1,1,1,1,1,1,1,1,1,0,0,0,0,0,0,0,0,0,0
0.03,0.2,0.79,1.63,2,3,0.76,1.38,0.09,1,6,0.44369,0.42165,0.4322,0.41707,0.41682,0.43038,0.4426,0.43442,0.42114,0.42711,1,1,1,1,1,1,1,1,1,1,0,0,0,0,0,0,0,0,0,0
0.03,0.59,0.09,1.85,4,2,0.85,1.94,0.62,0,1,0.34414,0.3479,0.36536,0.33036,0.35518,0.32163,0.33858,0.35443,0.32058,0.35173,1,1,1,1,1,1,1,1,1,1,0,0,0,0,0,0,0,0,0,0
0.03,0.59,0.09,1.85,4,2,0.85,1.94,0.62,0,2,0.36115,0.33747,0.33844,0.32187,0.33308,0.31287,0.32543,0.34291,0.31973,0.3352,1,1,1,1,1,1,1,1,1,1,0,0,0,0,0,0,0,0,0,0
0.03,0.59,0.09,1.85,4,2,0.85,1.94,0.62,0,3,0.35852,0.35304,0.36741,0.33443,0.33755,0.32605,0.33647,0.35263,0.32364,0.35436,1,1,1,1,1,1,1,1,1,1,0,0,0,0,0,0,0,0,0,0
0.03,0.59,0.09,1.85,4,2,0.85,1.94,0.62,0,4,0.34722,0.35376,0.37267,0.33429,0.3617,0.32449,0.34335,0.36094,0.32343,0.35805,1,1,1,1,1,1,1,1,1,1,0,0,0,0,0,0,0,0,0,0
0.03,0.59,0.09,1.85,4,2,0.85,1.94,0.62,0,5,0.36229,0.35472,0.37394,0.33529,0.36168,0.32553,0.34441,0.3619,0.32448,0.35895,1,1,1,1,1,1,1,1,1,1,0,0,0,0,0,0,0,0,0,0
0.03,0.59,0.09,1.85,4,2,0.85,1.94,0.62,0,6,0.36229,0.35472,0.37394,0.33529,0.36168,0.32553,0.34441,0.3619,0.32448,0.35895,1,1,1,1,1,1,1,1,1,1,0,0,0,0,0,0,0,0,0,0
0.03,0.59,0.09,1.85,4,2,0.85,1.94,0.62,1,1,0.3574,0.35467,0.37381,0.3349,0.36271,0.32493,0.34409,0.36195,0.32387,0.35903,1,1,1,1,1,1,1,1,1,1,0,0,0,0,0,0,0,0,0,0
0.03,0.59,0.09,1.85,4,2,0.85,1.94,0.62,1,2,0.35932,0.33753,0.33791,0.32186,0.33303,0.31285,0.32542,0.34289,0.31971,0.33519,1,1,1,1,1,1,1,1,1,1,0,0,0,0,0,0,0,0,0,0
0.03,0.59,0.09,1.85,4,2,0.85,1.94,0.62,1,3,0.35123,0.35031,0.36592,0.32949,0.333,0.32003,0.33177,0.34988,0.31742,0.35186,1,1,1,1,1,1,1,1,1,1,0,0,0,0,0,0,0,0,0,0
0.03,0.59,0.09,1.85,4,2,0.85,1.94,0.62,1,4,0.35739,0.35466,0.3738,0.3349,0.3627,0.32492,0.34409,0.36194,0.32387,0.35903,1,1,1,1,1,1,1,1,1,1,0,0,0,0,0,0,0,0,0,0
0.03,0.59,0.09,1.85,4,2,0.85,1.94,0.62,1,5,0.35754,0.35481,0.37398,0.33504,0.36295,0.3251,0.34427,0.3621,0.32405,0.35913,1,1,1,1,1,1,1,1,1,1,0,0,0,0,0,0,0,0,0,0
0.03,0.59,0.09,1.85,4,2,0.85,1.94,0.62,1,6,0.35754,0.35481,0.37398,0.33504,0.36295,0.3251,0.34427,0.3621,0.32405,0.35913,1,1,1,1,1,1,1,1,1,1,0,0,0,0,0,0,0,0,0,0
0.09,0.29,0.01,1.6,0,3,0.57,1.88,0.51,0,1,0.39364,0.37627,0.39572,0.35776,0.36169,0.35238,0.35715,0.37189,0.35187,0.3735,1,1,1,1,1,1,1,1,1,1,0,0,0,0,0,0,0,0,0,0
0.09,0.29,0.01,1.6,0,3,0.57,1.88,0.51,0,2,0.37786,0.38355,0.40358,0.36305,0.36639,0.35521,0.36704,0.37825,0.36079,0.38011,1,1,1,1,1,1,1,1,1,1,0,0,0,0,0,0,0,0,0,0
0.09,0.29,0.01,1.6,0,3,0.57,1.88,0.51,0,3,0.37453,0.37867,0.3956,0.36079,0.36342,0.35426,0.36272,0.3754,0.35377,0.37622,1,1,1,1,1,1,1,1,1,1,0,0,0,0,0,0,0,0,0,0
0.09,0.29,0.01,1.6,0,3,0.57,1.88,0.51,0,4,0.39365,0.37628,0.39572,0.35776,0.36169,0.35239,0.35715,0.37189,0.35187,0.3735,1,1,1,1,1,1,1,1,1,1,0,0,0,0,0,0,0,0,0,0
0.09,0.29,0.01,1.6,0,3,0.57,1.88,0.51,0,5,0.39365,0.37628,0.39572,0.35776,0.36169,0.35239,0.35715,0.37189,0.35187,0.3735,1,1,1,1,1,1,1,1,1,1,0,0,0,0,0,0,0,0,0,0
0.09,0.29,0.01,1.6,0,3,0.57,1.88,0.51,0,6,0.39365,0.37628,0.39572,0.35776,0.36169,0.35239,0.35715,0.37189,0.35187,0.3735,1,1,1,1,1,1,1,1,1,1,0,0,0,0,0,0,0,0,0,0
0.09,0.29,0.01,1.6,0,3,0.57,1.88,0.51,1,1,0.39364,0.37627,0.39572,0.35776,0.36169,0.35238,0.35715,0.37189,0.35187,0.3735,1,1,1,1,1,1,1,1,1,1,0,0,0,0,0,0,0,0,0,0
0.09,0.29,0.01,1.6,0,3,0.57,1.88,0.51,1,2,0.37786,0.38355,0.40357,0.36305,0.36639,0.3552,0.36704,0.37825,0.36078,0.3801,1,1,1,1,1,1,1,1,1,1,0,0,0,0,0,0,0,0,0,0
0.09,0.29,0.01,1.6,0,3,0.57,1.88,0.51,1,3,0.37453,0.37867,0.3956,0.36079,0.36342,0.35426,0.36272,0.3754,0.35377,0.37622,1,1,1,1,1,1,1,1,1,1,0,0,0,0,0,0,0,0,0,0
0.09,0.29,0.01,1.6,0,3,0.57,1.88,0.51,1,4,0.39365,0.37628,0.39573,0.35776,0.36169,0.35239,0.35715,0.37189,0.35187,0.3735,1,1,1,1,1,1,1,1,1,1,0,0,0,0,0,0,0,0,0,0
0.09,0.29,0.01,1.6,0,3,0.57,1.88,0.51,1,5,0.39365,0.37628,0.39573,0.35776,0.36169,0.35239,0.35715,0.37189,0.35187,0.3735,1,1,1,1,1,1,1,1,1,1,0,0,0,0,0,0,0,0,0,0
0.09,0.29,0.01,1.6,0,3,0.57,1.88,0.51,1,6,0.39365,0.37628,0.39573,0.35776,0.36169,0.35239,0.35715,0.37189,0.35187,0.3735,1,1,1,1,1,1,1,1,1,1,0,0,0,0,0,0,0,0,0,0
0.02,0.88,0.48,1.78,1,1,1.79,0.88,0.84,0,1,0.089496,0.18172,0.26666,0.032846,0.35625,0.23913,0.35469,0.16962,0.14256,0.050751,0.14009,1,1,0.18096,1,1,1,1,1,0.16847,1,0,0,1,0,0,0,0,0,1
0.02,0.88,0.48,1.78,1,1,1.79,0.88,0.84,0,2,0.30222,0.21797,0.28951,0.27662,0.24765,0.29249,0.28108,0.32748,0.23642,0.25941,1,0.9843,1,1,1,1,1,1,1,1,0,1,0,0,0,0,0,0,0,0
0.02,0.88,0.48,1.78,1,1,1.79,0.88,0.84,0,3,0.20599,0.12677,0.1777,0.13995,0.19877,0.13874,0.21683,0.24666,0.15941,0.15702,1,1,1,1,1,1,1,1,1,1,0,0,0,0,0,0,0,0,0,0
0.02,0.88,0.48,1.78,1,1,1.79,0.88,0.84,0,4,0.089354,0.18149,0.26887,0.03271,0.35617,0.23909,0.35469,0.16943,0.14247,0.050565,0.13927,1,1,0.1799,1,1,1,1,1,0.16748,1,0,0,1,0,0,0,0,0,1
0.02,0.88,0.48,1.78,1,1,1.79,0.88,0.84,0,5,0.194,0.15232,0.29735,0.1063,0.3769,0.26851,0.35796,0.30625,0.16503,0.082625,0.50493,1,1,1,1,1,1,1,1,0.26846,1,0,0,0,0,0,0,0,0,1
0.02,0.88,0.48,1.78,1,1,1.79,0.88,0.84,0,6,0.194,0.14963,0.29735,0.1063,0.3769,0.26851,0.35796,0.32644,0.16503,0.11684,0.50493,1,1,1,1,1,1,1,1,0.49424,1,0,0,0,0,0,0,0,0,1
0.02,0.88,0.48,1.78,1,1,1.79,0.88,0.84,1,1,0.024899,0.26855,0.25928,0.19631,0.33665,0.26211,0.31074,0.2733,0.010156,0.31742,0.095699,1,1,1,1,1,1,1,0.062712,1,1,0,0,0,0,0,0,0,1,0
0.02,0.88,0.48,1.78,1,1,1.79,0.88,0.84,1,2,0.29084,0.24594,0.30083,0.29173,0.25217,0.27774,0.23509,0.35336,0.23662,0.2825,1,1,1,1,1,1,1,1,1,1,0,0,0,0,0,0,0,0,0,0
0.02,0.88,0.48,1.78,1,1,1.79,0.88,0.84,1,3,0.24413,0.21263,0.21728,0.17706,0.19059,0.19248,0.21659,0.29205,0.1751,0.21933,1,1,1,1,1,1,1,1,1,1,0,0,0,0,0,0,0,0,0,0
0.02,0.88,0.48,1.78,1,1,1.79,0.88,0.84,1,4,0.024558,0.26849,0.25927,0.19627,0.33654,0.26211,0.31067,0.27317,0.010004,0.31739,0.094838,1,1,1,1,1,1,1,0.062147,1,1,0,0,0,0,0,0,0,1,0
0.02,0.88,0.48,1.78,1,1,1.79,0.88,0.84,1,5,0.024827,0.29335,0.28516,0.22297,0.38547,0.26211,0.36148,0.30696,0.019835,0.3268,0.094838,1,1,1,1,1,1,1,0.062147,1,1,0,0,0,0,0,0,0,1,0
0.02,0.88,0.48,1.78,1,1,1.79,0.88,0.84,1,6,0.074871,0.29335,0.28516,0.22297,0.38547,0.26211,0.36148,0.30696,0.019835,0.3268,0.094838,1,1,1,1,1,1,1,0.062147,1,1,0,0,0,0,0,0,0,1,0
0.02,0.24,0.62,1.72,2,3,2.53,0.26,0.87,0,1,0.25505,0.14051,0.10968,0.13495,0.16202,0.16608,0.13617,0.12051,0.044246,0.13156,1,1,1,1,1,1,1,0.52251,0.18942,1,0,0,0,0,0,0,0,1,1,0
0.02,0.24,0.62,1.72,2,3,2.53,0.26,0.87,0,2,0.23839,0.31252,0.19091,0.2859,0.26489,0.26356,0.23218,0.38112,0.25452,0.30534,1,1,1,1,1,1,1,1,1,1,0,0,0,0,0,0,0,0,0,0
0.02,0.24,0.62,1.72,2,3,2.53,0.26,0.87,0,3,0.19216,0.15903,0.14414,0.13197,0.13056,0.15016,0.12639,0.25871,0.12152,0.2146,1,1,1,1,1,1,1,1,1,1,0,0,0,0,0,0,0,0,0,0
0.02,0.24,0.62,1.72,2,3,2.53,0.26,0.87,0,4,0.25356,0.20094,0.10982,0.14414,0.16774,0.16057,0.13291,0.23595,0.11903,0.16194,1,1,1,1,1,1,1,1,1,1,0,0,0,0,0,0,0,0,0,0
0.02,0.24,0.62,1.72,2,3,2.53,0.26,0.87,0,5,0.25309,0.19165,0.11875,0.13959,0.17406,0.15528,0.13363,0.25599,0.1165,0.22647,1,1,1,1,1,1,1,1,1,1,0,0,0,0,0,0,0,0,0,0
0.02,0.24,0.62,1.72,2,3,2.53,0.26,0.87,0,6,0.2682,0.19903,0.10216,0.10478,0.18204,0.16865,0.12661,0.27536,0.14074,0.23928,1,1,1,0.57436,1,1,1,1,1,1,0,0,0,1,0,0,0,0,0,0
0.02,0.24,0.62,1.72,2,3,2.53,0.26,0.87,1,1,0.22014,0.18481,0.13049,0.11631,0.091932,0.15127,0.16686,0.19995,0.098875,0.18354,1,1,1,1,1,1,1,1,1,1,0,0,0,0,0,0,0,0,0,0
0.02,0.24,0.62,1.72,2,3,2.53,0.26,0.87,1,2,0.23174,0.30679,0.2613,0.28169,0.27053,0.26283,0.23593,0.37026,0.26131,0.32272,1,1,1,1,1,1,1,1,1,1,0,0,0,0,0,0,0,0,0,0
0.02,0.24,0.62,1.72,2,3,2.53,0.26,0.87,1,3,0.19421,0.15445,0.14384,0.13327,0.1305,0.14839,0.12702,0.24773,0.1646,0.2124,1,1,1,1,1,1,1,1,1,1,0,0,0,0,0,0,0,0,0,0
0.02,0.24,0.62,1.72,2,3,2.53,0.26,0.87,1,4,0.22478,0.19213,0.13536,0.11825,0.09568,0.15379,0.16977,0.20084,0.10265,0.18809,1,1,1,1,1,1,1,1,1,1,0,0,0,0,0,0,0,0,0,0
0.02,0.24,0.62,1.72,2,3,2.53,0.26,0.87,1,5,0.2269,0.1868,0.14469,0.11672,0.095756,0.16086,0.179,0.19543,0.11055,0.1864,1,1,1,1,1,1,1,1,1,1,0,0,0,0,0,0,0,0,0,0
0.02,0.24,0.62,1.72,2,3,2.53,0.26,0.87,1,6,0.21483,0.20111,0.13896,0.12388,0.12662,0.16544,0.17491,0.22757,0.11877,0.19993,1,1,1,1,1,1,1,1,1,1,0,0,0,0,0,0,0,0,0,0
0.07,0.57,0.04,1.75,4,1,1.88,0.2,0.12,0,1,0.36106,0.35977,0.36159,0.35758,0.35895,0.35712,0.35785,0.35943,0.35744,0.35914,1,1,1,1,1,1,1,1,1,1,0,0,0,0,0,0,0,0,0,0
0.07,0.57,0.04,1.75,4,1,1.88,0.2,0.12,0,2,0.44453,0.44504,0.44696,0.44273,0.44353,0.44215,0.44337,0.44419,0.44258,0.44438,1,1,1,1,1,1,1,1,1,1,0,0,0,0,0,0,0,0,0,0
0.07,0.57,0.04,1.75,4,1,1.88,0.2,0.12,0,3,0.40722,0.40691,0.40879,0.40465,0.40558,0.40417,0.4052,0.40644,0.4045,0.40626,1,1,1,1,1,1,1,1,1,1,0,0,0,0,0,0,0,0,0,0
0.07,0.57,0.04,1.75,4,1,1.88,0.2,0.12,0,4,0.42883,0.42644,0.4298,0.42238,0.42491,0.42153,0.42287,0.4258,0.42212,0.42526,1,1,1,1,1,1,1,1,1,1,0,0,0,0,0,0,0,0,0,0
0.07,0.57,0.04,1.75,4,1,1.88,0.2,0.12,0,5,0.42883,0.42644,0.4298,0.42238,0.42491,0.42153,0.42287,0.4258,0.42212,0.42526,1,1,1,1,1,1,1,1,1,1,0,0,0,0,0,0,0,0,0,0
0.07,0.57,0.04,1.75,4,1,1.88,0.2,0.12,0,6,0.44453,0.44504,0.44696,0.44273,0.44353,0.44215,0.44337,0.44419,0.44258,0.44438,1,1,1,1,1,1,1,1,1,1,0,0,0,0,0,0,0,0,0,0
0.07,0.57,0.04,1.75,4,1,1.88,0.2,0.12,1,1,0.44956,0.44683,0.45067,0.4422,0.44509,0.44122,0.44276,0.4461,0.4419,0.44548,1,1,1,1,1,1,1,1,1,1,0,0,0,0,0,0,0,0,0,0
0.07,0.57,0.04,1.75,4,1,1.88,0.2,0.12,1,2,0.44621,0.4472,0.45101,0.44263,0.44422,0.44149,0.44389,0.44553,0.44233,0.4459,1,1,1,1,1,1,1,1,1,1,0,0,0,0,0,0,0,0,0,0
0.07,0.57,0.04,1.75,4,1,1.88,0.2,0.12,1,3,0.4476,0.44695,0.45082,0.44231,0.44422,0.44135,0.44346,0.44599,0.44201,0.44563,1,1,1,1,1,1,1,1,1,1,0,0,0,0,0,0,0,0,0,0
0.07,0.57,0.04,1.75,4,1,1.88,0.2,0.12,1,4,0.44955,0.44682,0.45067,0.44219,0.44509,0.44122,0.44276,0.4461,0.4419,0.44548,1,1,1,1,1,1,1,1,1,1,0,0,0,0,0,0,0,0,0,0
0.07,0.57,0.04,1.75,4,1,1.88,0.2,0.12,1,5,0.44955,0.44682,0.45067,0.44219,0.44509,0.44122,0.44276,0.4461,0.4419,0.44548,1,1,1,1,1,1,1,1,1,1,0,0,0,0,0,0,0,0,0,0
0.07,0.57,0.04,1.75,4,1,1.88,0.2,0.12,1,6,0.44621,0.4472,0.45101,0.44263,0.44422,0.44149,0.44389,0.44553,0.44233,0.4459,1,1,1,1,1,1,1,1,1,1,0,0,0,0,0,0,0,0,0,0
0.1,0.42,0.07,1.66,0,3,2.35,0.01,0.43,0,1,0.40478,0.39042,0.40642,0.37489,0.37875,0.37017,0.37454,0.38663,0.37101,0.38733,1,1,1,1,1,1,1,1,1,1,0,0,0,0,0,0,0,0,0,0
0.1,0.42,0.07,1.66,0,3,2.35,0.01,0.43,0,2,0.38941,0.39495,0.41054,0.37832,0.38272,0.37133,0.38205,0.39086,0.37487,0.39273,1,1,1,1,1,1,1,1,1,1,0,0,0,0,0,0,0,0,0,0
0.1,0.42,0.07,1.66,0,3,2.35,0.01,0.43,0,3,0.38847,0.39219,0.40732,0.37657,0.3791,0.37124,0.37849,0.38869,0.3725,0.38919,1,1,1,1,1,1,1,1,1,1,0,0,0,0,0,0,0,0,0,0
0.1,0.42,0.07,1.66,0,3,2.35,0.01,0.43,0,4,0.40478,0.39042,0.40642,0.37489,0.37876,0.37017,0.37454,0.38664,0.37101,0.38733,1,1,1,1,1,1,1,1,1,1,0,0,0,0,0,0,0,0,0,0
0.1,0.42,0.07,1.66,0,3,2.35,0.01,0.43,0,5,0.40478,0.39042,0.40642,0.37489,0.37876,0.37017,0.37454,0.38664,0.37101,0.38733,1,1,1,1,1,1,1,1,1,1,0,0,0,0,0,0,0,0,0,0
0.1,0.42,0.07,1.66,0,3,2.35,0.01,0.43,0,6,0.40478,0.39042,0.40642,0.37489,0.37876,0.37017,0.37454,0.38664,0.37101,0.38733,1,1,1,1,1,1,1,1,1,1,0,0,0,0,0,0,0,0,0,0
0.1,0.42,0.07,1.66,0,3,2.35,0.01,0.43,1,1,0.40478,0.39042,0.40642,0.37489,0.37875,0.37017,0.37454,0.38664,0.37101,0.38733,1,1,1,1,1,1,1,1,1,1,0,0,0,0,0,0,0,0,0,0
0.1,0.42,0.07,1.66,0,3,2.35,0.01,0.43,1,2,0.38941,0.39495,0.41054,0.37832,0.38272,0.37132,0.38205,0.39086,0.37487,0.39272,1,1,1,1,1,1,1,1,1,1,0,0,0,0,0,0,0,0,0,0
0.1,0.42,0.07,1.66,0,3,2.35,0.01,0.43,1,3,0.38847,0.39219,0.40732,0.37657,0.3791,0.37124,0.37849,0.38869,0.3725,0.38919,1,1,1,1,1,1,1,1,1,1,0,0,0,0,0,0,0,0,0,0
0.1,0.42,0.07,1.66,0,3,2.35,0.01,0.43,1,4,0.40478,0.39043,0.40642,0.37489,0.37876,0.37017,0.37454,0.38664,0.37102,0.38733,1,1,1,1,1,1,1,1,1,1,0,0,0,0,0,0,0,0,0,0
0.1,0.42,0.07,1.66,0,3,2.35,0.01,0.43,1,5,0.40478,0.39043,0.40642,0.37489,0.37876,0.37017,0.37454,0.38664,0.37102,0.38733,1,1,1,1,1,1,1,1,1,1,0,0,0,0,0,0,0,0,0,0
0.1,0.42,0.07,1.66,0,3,2.35,0.01,0.43,1,6,0.40478,0.39043,0.40642,0.37489,0.37876,0.37017,0.37454,0.38664,0.37102,0.38733,1,1,1,1,1,1,1,1,1,1,0,0,0,0,0,0,0,0,0,0
0.08,0.72,0.71,1.47,1,3,3,1.63,0.37,0,1,0.049185,0.33655,0.13228,0.090112,0.13985,0.15968,0.15515,0.33215,0.16268,0.075667,0.0767,1,0.63538,0.45354,0.55465,1,1,1,1,0.30663,1,0,1,1,1,0,0,0,0,1
0.08,0.72,0.71,1.47,1,3,3,1.63,0.37,0,2,0.33383,0.32487,0.30188,0.28119,0.27943,0.2865,0.28068,0.29894,0.2779,0.30512,1,1,1,1,1,1,1,1,1,1,0,0,0,0,0,0,0,0,0,0
0.08,0.72,0.71,1.47,1,3,3,1.63,0.37,0,3,0.32154,0.30537,0.29258,0.27049,0.275,0.19069,0.26472,0.28553,0.26469,0.31738,1,1,1,1,1,1,1,1,1,1,0,0,0,0,0,0,0,0,0,0
0.08,0.72,0.71,1.47,1,3,3,1.63,0.37,0,4,0.049185,0.33655,0.13228,0.090112,0.13985,0.15968,0.15515,0.33215,0.16268,0.075667,0.0767,1,0.63538,0.45354,0.55465,1,1,1,1,0.30663,1,0,1,1,1,0,0,0,0,1
0.08,0.72,0.71,1.47,1,3,3,1.63,0.37,0,5,0.049084,0.32569,0.2621,0.28213,0.24805,0.22885,0.27757,0.30964,0.21991,0.075459,0.076243,1,1,1,1,0.84612,1,1,0.87423,0.30481,1,0,0,0,0,1,0,0,1,1
0.08,0.72,0.71,1.47,1,3,3,1.63,0.37,0,6,0.058829,0.32114,0.25677,0.27886,0.24982,0.24802,0.26182,0.30722,0.28345,0.2425,0.14802,1,1,1,1,1,1,1,1,1,1,0,0,0,0,0,0,0,0,0
0.08,0.72,0.71,1.47,1,3,3,1.63,0.37,1,1,0.29158,0.27882,0.27834,0.24691,0.26281,0.26781,0.28741,0.30038,0.28017,0.28111,1,1,1,1,1,1,1,1,1,1,0,0,0,0,0,0,0,0,0,0
0.08,0.72,0.71,1.47,1,3,3,1.63,0.37,1,2,0.30837,0.30331,0.29935,0.26965,0.27242,0.27445,0.29273,0.32743,0.27636,0.32413,1,1,1,1,1,1,1,1,1,1,0,0,0,0,0,0,0,0,0,0
0.08,0.72,0.71,1.47,1,3,3,1.63,0.37,1,3,0.28222,0.28479,0.29291,0.25441,0.25877,0.25925,0.26776,0.30352,0.26015,0.28404,1,1,1,1,1,1,1,1,1,1,0,0,0,0,0,0,0,0,0,0
0.08,0.72,0.71,1.47,1,3,3,1.63,0.37,1,4,0.29158,0.27882,0.27834,0.24691,0.26281,0.26781,0.28741,0.30038,0.28017,0.28111,1,1,1,1,1,1,1,1,1,1,0,0,0,0,0,0,0,0,0,0
0.08,0.72,0.71,1.47,1,3,3,1.63,0.37,1,5,0.3087,0.29603,0.28362,0.26962,0.28263,0.27479,0.30436,0.3221,0.29242,0.30195,1,1,1,1,1,1,1,1,1,1,0,0,0,0,0,0,0,0,0,0
0.08,0.72,0.71,1.47,1,3,3,1.63,0.37,1,6,0.32708,0.29732,0.27252,0.26625,0.29001,0.26699,0.27932,0.32312,0.254,0.31428,1,1,1,1,1,1,1,1,1,1,0,0,0,0,0,0,0,0,0,0
0.06,0.44,0.65,1.32,3,2,2.72,1.25,0.15,0,1,0.42324,0.40239,0.38334,0.39041,0.3967,0.37705,0.34499,0.39713,0.39627,0.38833,1,1,1,1,1,1,1,1,1,1,0,0,0,0,0,0,0,0,0,0
0.06,0.44,0.65,1.32,3,2,2.72,1.25,0.15,0,2,0.42012,0.40322,0.38959,0.38638,0.39201,0.38939,0.39156,0.40093,0.38792,0.40291,1,1,1,1,1,1,1,1,1,1,0,0,0,0,0,0,0,0,0,0
0.06,0.44,0.65,1.32,3,2,2.72,1.25,0.15,0,3,0.40745,0.40269,0.38386,0.3846,0.39372,0.38658,0.39357,0.40327,0.38883,0.40184,1,1,1,1,1,1,1,1,1,1,0,0,0,0,0,0,0,0,0,0
0.06,0.44,0.65,1.32,3,2,2.72,1.25,0.15,0,4,0.41807,0.4003,0.36873,0.38222,0.38914,0.37814,0.38677,0.40267,0.3921,0.40238,1,1,1,1,1,1,1,1,1,1,0,0,0,0,0,0,0,0,0,0
0.06,0.44,0.65,1.32,3,2,2.72,1.25,0.15,0,5,0.41485,0.3997,0.39835,0.38587,0.39597,0.38832,0.39096,0.40739,0.38818,0.40302,1,1,1,1,1,1,1,1,1,1,0,0,0,0,0,0,0,0,0,0
0.06,0.44,0.65,1.32,3,2,2.72,1.25,0.15,0,6,0.42012,0.40322,0.38959,0.38638,0.39201,0.38939,0.39156,0.40093,0.38792,0.40291,1,1,1,1,1,1,1,1,1,1,0,0,0,0,0,0,0,0,0,0
0.06,0.44,0.65,1.32,3,2,2.72,1.25,0.15,1,1,0.4207,0.40525,0.41076,0.38291,0.39713,0.30756,0.37727,0.38887,0.3878,0.38854,1,1,1,1,1,1,1,1,1,1,0,0,0,0,0,0,0,0,0,0
0.06,0.44,0.65,1.32,3,2,2.72,1.25,0.15,1,2,0.40577,0.40329,0.41255,0.38709,0.40134,0.36761,0.39323,0.38339,0.38718,0.40188,1,1,1,1,1,1,1,1,1,1,0,0,0,0,0,0,0,0,0,0
0.06,0.44,0.65,1.32,3,2,2.72,1.25,0.15,1,3,0.40844,0.40286,0.4103,0.38669,0.39274,0.35834,0.38951,0.3863,0.38457,0.40204,1,1,1,1,1,1,1,1,1,1,0,0,0,0,0,0,0,0,0,0
0.06,0.44,0.65,1.32,3,2,2.72,1.25,0.15,1,4,0.41909,0.40241,0.40999,0.38183,0.39699,0.27761,0.38993,0.38061,0.38432,0.40154,1,1,1,1,1,1,1,1,1,1,0,0,0,0,0,0,0,0,0,0
0.06,0.44,0.65,1.32,3,2,2.72,1.25,0.15,1,5,0.41117,0.4037,0.41197,0.38589,0.39528,0.36927,0.39143,0.38379,0.38621,0.40224,1,1,1,1,1,1,1,1,1,1,0,0,0,0,0,0,0,0,0,0
0.06,0.44,0.65,1.32,3,2,2.72,1.25,0.15,1,6,0.40577,0.40329,0.41255,0.38709,0.40134,0.36761,0.39323,0.38339,0.38718,0.40188,1,1,1,1,1,1,1,1,1,1,0,0,0,0,0,0,0,0,0,0
0.06,0.75,0.23,1.04,3,4,2.63,1.69,0.57,0,1,0.34909,0.33789,0.35414,0.31221,0.11494,0.30516,0.31231,0.33515,0.30295,0.33767,1,1,1,1,1,1,1,1,1,1,0,0,0,0,0,0,0,0,0,0
0.06,0.75,0.23,1.04,3,4,2.63,1.69,0.57,0,2,0.35276,0.35161,0.36732,0.32164,0.32084,0.31109,0.3248,0.34519,0.31979,0.34684,1,1,1,1,1,1,1,1,1,1,0,0,0,0,0,0,0,0,0,0
0.06,0.75,0.23,1.04,3,4,2.63,1.69,0.57,0,3,0.34567,0.34128,0.35033,0.31862,0.3217,0.30793,0.32031,0.34053,0.30591,0.34235,1,1,1,1,1,1,1,1,1,1,0,0,0,0,0,0,0,0,0,0
0.06,0.75,0.23,1.04,3,4,2.63,1.69,0.57,0,4,0.34997,0.33962,0.35074,0.31394,0.11493,0.30542,0.31207,0.33429,0.30446,0.33894,1,1,1,1,1,1,1,1,1,1,0,0,0,0,0,0,0,0,0,0
0.06,0.75,0.23,1.04,3,4,2.63,1.69,0.57,0,5,0.34997,0.33962,0.35074,0.31394,0.11493,0.30542,0.31207,0.33429,0.30446,0.33894,1,1,1,1,1,1,1,1,1,1,0,0,0,0,0,0,0,0,0,0
0.06,0.75,0.23,1.04,3,4,2.63,1.69,0.57,0,6,0.35824,0.3394,0.3543,0.31464,0.11493,0.30595,0.31249,0.33566,0.30552,0.33763,1,1,1,1,1,1,1,1,1,1,0,0,0,0,0,0,0,0,0,0
0.06,0.75,0.23,1.04,3,4,2.63,1.69,0.57,1,1,0.32465,0.33825,0.35065,0.31467,0.14338,0.30543,0.3123,0.33279,0.30388,0.33749,1,1,1,1,1,1,1,1,1,1,0,0,0,0,0,0,0,0,0,0
0.06,0.75,0.23,1.04,3,4,2.63,1.69,0.57,1,2,0.35273,0.35141,0.36842,0.3216,0.32093,0.31103,0.32522,0.34517,0.31997,0.34682,1,1,1,1,1,1,1,1,1,1,0,0,0,0,0,0,0,0,0,0
0.06,0.75,0.23,1.04,3,4,2.63,1.69,0.57,1,3,0.34685,0.3408,0.34949,0.31808,0.32085,0.30761,0.32043,0.34017,0.30634,0.34136,1,1,1,1,1,1,1,1,1,1,0,0,0,0,0,0,0,0,0,0
0.06,0.75,0.23,1.04,3,4,2.63,1.69,0.57,1,4,0.32553,0.33908,0.35179,0.31404,0.14286,0.30532,0.3128,0.33422,0.30443,0.33894,1,1,1,1,1,1,1,1,1,1,0,0,0,0,0,0,0,0,0,0
0.06,0.75,0.23,1.04,3,4,2.63,1.69,0.57,1,5,0.32553,0.33908,0.35179,0.31404,0.14289,0.30532,0.3128,0.33422,0.30443,0.33894,1,1,1,1,1,1,1,1,1,1,0,0,0,0,0,0,0,0,0,0
0.06,0.75,0.23,1.04,3,4,2.63,1.69,0.57,1,6,0.35852,0.33956,0.35402,0.31458,0.14289,0.3059,0.31306,0.33626,0.30513,0.33762,1,1,1,1,1,1,1,1,1,1,0,0,0,0,0,0,0,0,0,0
0.05,0.4,0.32,1.07,1,0,1.6,1.19,0.71,0,1,0.36898,0.3005,0.37576,0.27163,0.35314,0.26509,0.27166,0.31557,0.24954,0.34778,1,1,1,1,1,1,1,1,1,1,0,0,0,0,0,0,0,0,0,0
0.05,0.4,0.32,1.07,1,0,1.6,1.19,0.71,0,2,0.32714,0.28834,0.30586,0.26507,0.30158,0.25688,0.2731,0.30963,0.25922,0.30738,1,1,1,1,1,1,1,1,1,1,0,0,0,0,0,0,0,0,0,0
0.05,0.4,0.32,1.07,1,0,1.6,1.19,0.71,0,3,0.3469,0.31173,0.34144,0.27685,0.30921,0.27109,0.28542,0.33026,0.2634,0.34763,1,1,1,1,1,1,1,1,1,1,0,0,0,0,0,0,0,0,0,0
0.05,0.4,0.32,1.07,1,0,1.6,1.19,0.71,0,4,0.36898,0.3004,0.37577,0.27162,0.35316,0.26512,0.27166,0.31557,0.2495,0.34778,1,1,1,1,1,1,1,1,1,1,0,0,0,0,0,0,0,0,0,0
0.05,0.4,0.32,1.07,1,0,1.6,1.19,0.71,0,5,0.36689,0.30158,0.36342,0.27062,0.33671,0.26497,0.26858,0.31557,0.25677,0.34778,1,1,1,1,1,1,1,1,1,1,0,0,0,0,0,0,0,0,0,0
0.05,0.4,0.32,1.07,1,0,1.6,1.19,0.71,0,6,0.36689,0.30158,0.36342,0.27062,0.33671,0.26497,0.26858,0.31557,0.25677,0.34778,1,1,1,1,1,1,1,1,1,1,0,0,0,0,0,0,0,0,0,0
0.05,0.4,0.32,1.07,1,0,1.6,1.19,0.71,1,1,0.38263,0.30126,0.36722,0.2699,0.33539,0.25808,0.27562,0.31111,0.25201,0.33189,1,1,1,1,1,1,1,1,1,1,0,0,0,0,0,0,0,0,0,0
0.05,0.4,0.32,1.07,1,0,1.6,1.19,0.71,1,2,0.32701,0.2911,0.31112,0.26546,0.3064,0.25667,0.27293,0.30943,0.26181,0.30949,1,1,1,1,1,1,1,1,1,1,0,0,0,0,0,0,0,0,0,0
0.05,0.4,0.32,1.07,1,0,1.6,1.19,0.71,1,3,0.34436,0.30803,0.34381,0.27687,0.31528,0.26564,0.28768,0.32743,0.25905,0.34588,1,1,1,1,1,1,1,1,1,1,0,0,0,0,0,0,0,0,0,0
0.05,0.4,0.32,1.07,1,0,1.6,1.19,0.71,1,4,0.38245,0.30115,0.36709,0.26985,0.33527,0.258,0.27564,0.31102,0.25192,0.33177,1,1,1,1,1,1,1,1,1,1,0,0,0,0,0,0,0,0,0,0
0.05,0.4,0.32,1.07,1,0,1.6,1.19,0.71,1,5,0.38263,0.30637,0.36984,0.2742,0.33998,0.26479,0.27295,0.31549,0.25949,0.33549,1,1,1,1,1,1,1,1,1,1,0,0,0,0,0,0,0,0,0,0
0.05,0.4,0.32,1.07,1,0,1.6,1.19,0.71,1,6,0.38263,0.30637,0.36984,0.2742,0.33998,0.26479,0.27295,0.31549,0.25949,0.33549,1,1,1,1,1,1,1,1,1,1,0,0,0,0,0,0,0,0,0,0
0.09,0.79,0.73,1.44,2,4,0.1,0.45,0.59,0,1,0.13699,0.0036019,0.09,0.073889,0.066826,0.010494,0.122,0.037565,0.012449,0.081831,1,0.042367,1,0.087667,0.0425,0.082867,1,0.079367,0.10387,0.0489,0,1,0,1,1,1,0,1,1,1
0.09,0.79,0.73,1.44,2,4,0.1,0.45,0.59,0,2,0.17603,0.12038,0.095668,0.090562,0.15724,0.14504,0.11514,0.17004,0.10755,0.11777,1,0.75255,0.2647,0.26096,1,1,0.64149,1,0.52596,0.48623,0,1,1,1,0,0,1,0,1,1
0.09,0.79,0.73,1.44,2,4,0.1,0.45,0.59,0,3,0.14379,0.090178,0.10011,0.080171,0.051467,0.10199,0.094264,0.20374,0.085362,0.10594,1,0.30591,1,0.082268,0.4378,0.85736,0.95001,1,0.42569,1,0,1,0,1,1,1,1,0,1,0
0.09,0.79,0.73,1.44,2,4,0.1,0.45,0.59,0,4,0.13699,0.0036019,0.098597,0.073889,0.066826,0.010744,0.122,0.037565,0.012408,0.081831,1,0.042367,0.7643,0.087667,0.0425,0.082867,1,0.079367,0.10387,0.0489,0,1,1,1,1,1,0,1,1,1
0.09,0.79,0.73,1.44,2,4,0.1,0.45,0.59,0,5,0.13688,-0.0027536,0.10582,0.07386,0.066791,0.076917,0.12197,0.037721,0.019285,0.081791,1,0.042106,1,0.087126,0.042238,0.1938,1,0.078878,0.10323,0.048599,0,1,0,1,1,1,0,1,1,1
0.09,0.79,0.73,1.44,2,4,0.1,0.45,0.59,0,6,0.13687,0.003741,0.10647,0.073857,0.066788,0.07778,0.1287,0.03954,0.06117,0.081787,1,0.042083,1,0.08708,0.042216,0.17883,1,0.078836,0.15367,0.048573,0,1,0,1,1,1,0,1,1,1
0.09,0.79,0.73,1.44,2,4,0.1,0.45,0.59,1,1,0.21294,0.10805,0.089026,0.035401,0.012095,0.054555,0.094626,0.090084,0.071739,0.14043,1,1,1,0.035121,0.085089,0.082127,1,0.24428,0.065515,1,0,0,0,1,1,1,0,1,1,0
0.09,0.79,0.73,1.44,2,4,0.1,0.45,0.59,1,2,0.18743,0.12462,0.10501,0.10193,0.16561,0.15214,0.12179,0.21053,0.094641,0.093496,1,1,0.31987,0.31522,1,1,0.5433,1,0.26228,0.30899,0,0,1,1,0,0,1,0,1,1
0.09,0.79,0.73,1.44,2,4,0.1,0.45,0.59,1,3,0.13767,0.10119,0.096745,0.075231,0.11216,0.11035,0.10261,0.1864,0.0843,0.10108,1,1,1,0.082178,1,1,1,1,0.1237,1,0,0,0,1,0,0,0,0,1,0
0.09,0.79,0.73,1.44,2,4,0.1,0.45,0.59,1,4,0.21292,0.11451,0.089006,0.035366,0.013754,0.054501,0.094565,0.097839,0.076598,0.14758,1,1,1,0.034922,0.084608,0.081662,1,1,0.065144,1,0,0,0,1,1,1,0,0,1,0
0.09,0.79,0.73,1.44,2,4,0.1,0.45,0.59,1,5,0.21292,0.1168,0.089,0.035354,0.028503,0.054484,0.069848,0.11524,0.077093,0.15382,1,1,1,0.034856,0.084448,0.081508,0.17564,1,0.16668,1,0,0,0,1,1,1,1,0,1,0
0.09,0.79,0.73,1.44,2,4,0.1,0.45,0.59,1,6,0.21292,0.11337,0.089006,0.035365,0.018169,0.092632,0.18992,0.16335,0.079778,0.15451,1,1,1,0.034919,0.084599,0.36057,1,1,0.21521,1,0,0,0,1,1,1,0,0,1,0
0.04,0.48,0.57,1.13,3,2,0.2,0.57,0.68,0,1,0.20915,0.20906,0.18381,0.16701,0.15328,0.17995,0.22083,0.24601,0.11555,0.2442,1,1,1,1,1,1,1,1,1,1,0,0,0,0,0,0,0,0,0,0
0.04,0.48,0.57,1.13,3,2,0.2,0.57,0.68,0,2,0.21907,0.19343,0.16252,0.18772,0.17446,0.17708,0.16001,0.21009,0.14972,0.22274,1,1,1,1,1,1,1,1,1,1,0,0,0,0,0,0,0,0,0,0
0.04,0.48,0.57,1.13,3,2,0.2,0.57,0.68,0,3,0.23471,0.20686,0.18558,0.17188,0.17606,0.16302,0.17794,0.24735,0.14063,0.23387,1,1,1,1,1,1,1,1,1,1,0,0,0,0,0,0,0,0,0,0
0.04,0.48,0.57,1.13,3,2,0.2,0.57,0.68,0,4,0.20909,0.2061,0.18449,0.16575,0.16453,0.17789,0.2189,0.24448,0.11611,0.24091,1,1,1,1,1,1,1,1,1,1,0,0,0,0,0,0,0,0,0,0
0.04,0.48,0.57,1.13,3,2,0.2,0.57,0.68,0,5,0.20965,0.20724,0.18526,0.16848,0.16406,0.17624,0.22429,0.24222,0.14815,0.24342,1,1,1,1,1,1,1,1,1,1,0,0,0,0,0,0,0,0,0,0
0.04,0.48,0.57,1.13,3,2,0.2,0.57,0.68,0,6,0.20904,0.2059,0.18727,0.17111,0.16869,0.17351,0.21879,0.23206,0.14406,0.24952,1,1,1,1,1,1,1,1,1,1,0,0,0,0,0,0,0,0,0,0
0.04,0.48,0.57,1.13,3,2,0.2,0.57,0.68,1,1,0.23619,0.18276,0.19591,0.16645,0.17319,0.15632,0.17761,0.24087,0.060613,0.25515,1,1,1,1,1,1,1,1,0.283,1,0,0,0,0,0,0,0,0,1,0
0.04,0.48,0.57,1.13,3,2,0.2,0.57,0.68,1,2,0.21759,0.19268,0.15568,0.1836,0.17967,0.17082,0.16507,0.20814,0.14914,0.22298,1,1,1,1,1,1,1,1,1,1,0,0,0,0,0,0,0,0,0,0
0.04,0.48,0.57,1.13,3,2,0.2,0.57,0.68,1,3,0.23463,0.21079,0.17714,0.17184,0.18138,0.17667,0.17998,0.24805,0.15514,0.23415,1,1,1,1,1,1,1,1,1,1,0,0,0,0,0,0,0,0,0,0
0.04,0.48,0.57,1.13,3,2,0.2,0.57,0.68,1,4,0.23388,0.19733,0.19151,0.16394,0.17219,0.15504,0.17695,0.23809,0.12161,0.25272,1,1,1,1,1,1,1,1,1,1,0,0,0,0,0,0,0,0,0,0
0.04,0.48,0.57,1.13,3,2,0.2,0.57,0.68,1,5,0.23561,0.21254,0.19346,0.16784,0.17037,0.16272,0.16479,0.23369,0.14845,0.25007,1,1,1,1,1,1,1,1,1,1,0,0,0,0,0,0,0,0,0,0
0.04,0.48,0.57,1.13,3,2,0.2,0.57,0.68,1,6,0.23532,0.21208,0.19604,0.16502,0.1707,0.17248,0.21058,0.23138,0.14688,0.2487,1,1,1,1,1,1,1,1,1,1,0,0,0,0,0,0,0,0,0,0
0.08,0.77,0.15,1.1,3,4,1.04,0.51,0.26,0,1,0.42383,0.41476,0.42338,0.403,0.4077,0.39877,0.40447,0.41191,0.40181,0.41195,1,1,1,1,1,1,1,1,1,1,0,0,0,0,0,0,0,0,0,0
0.08,0.77,0.15,1.1,3,4,1.04,0.51,0.26,0,2,0.41674,0.41507,0.42613,0.40467,0.41027,0.40075,0.40537,0.41389,0.40383,0.41292,1,1,1,1,1,1,1,1,1,1,0,0,0,0,0,0,0,0,0,0
0.08,0.77,0.15,1.1,3,4,1.04,0.51,0.26,0,3,0.4137,0.41425,0.42536,0.40322,0.40624,0.40041,0.40486,0.41232,0.40208,0.41161,1,1,1,1,1,1,1,1,1,1,0,0,0,0,0,0,0,0,0,0
0.08,0.77,0.15,1.1,3,4,1.04,0.51,0.26,0,4,0.42218,0.41395,0.42476,0.40337,0.40666,0.4002,0.40412,0.41229,0.40215,0.4114,1,1,1,1,1,1,1,1,1,1,0,0,0,0,0,0,0,0,0,0
0.08,0.77,0.15,1.1,3,4,1.04,0.51,0.26,0,5,0.42218,0.41395,0.42476,0.40337,0.40666,0.4002,0.40412,0.41229,0.40215,0.4114,1,1,1,1,1,1,1,1,1,1,0,0,0,0,0,0,0,0,0,0
0.08,0.77,0.15,1.1,3,4,1.04,0.51,0.26,0,6,0.42218,0.41395,0.42476,0.40337,0.40666,0.4002,0.40412,0.41229,0.40215,0.4114,1,1,1,1,1,1,1,1,1,1,0,0,0,0,0,0,0,0,0,0
0.08,0.77,0.15,1.1,3,4,1.04,0.51,0.26,1,1,0.42184,0.41394,0.42369,0.40292,0.40652,0.40014,0.40361,0.41208,0.40184,0.41018,1,1,1,1,1,1,1,1,1,1,0,0,0,0,0,0,0,0,0,0
0.08,0.77,0.15,1.1,3,4,1.04,0.51,0.26,1,2,0.41675,0.4155,0.42618,0.40467,0.41041,0.40075,0.40538,0.41389,0.40383,0.41292,1,1,1,1,1,1,1,1,1,1,0,0,0,0,0,0,0,0,0,0
0.08,0.77,0.15,1.1,3,4,1.04,0.51,0.26,1,3,0.41302,0.4143,0.42479,0.40333,0.4061,0.40003,0.40501,0.41213,0.40235,0.41118,1,1,1,1,1,1,1,1,1,1,0,0,0,0,0,0,0,0,0,0
0.08,0.77,0.15,1.1,3,4,1.04,0.51,0.26,1,4,0.42218,0.41426,0.4248,0.40337,0.40703,0.4002,0.40412,0.41229,0.40215,0.4114,1,1,1,1,1,1,1,1,1,1,0,0,0,0,0,0,0,0,0,0
0.08,0.77,0.15,1.1,3,4,1.04,0.51,0.26,1,5,0.42218,0.41426,0.4248,0.40337,0.40703,0.4002,0.40412,0.41229,0.40215,0.4114,1,1,1,1,1,1,1,1,1,1,0,0,0,0,0,0,0,0,0,0
0.08,0.77,0.15,1.1,3,4,1.04,0.51,0.26,1,6,0.42218,0.41426,0.4248,0.40337,0.40703,0.4002,0.40412,0.41229,0.40215,0.4114,1,1,1,1,1,1,1,1,1,1,0,0,0,0,0,0,0,0,0,0
0.05,0.46,0.37,1.01,1,0,1.32,0.69,0.18,0,1,0.43552,0.44214,0.44234,0.42899,0.44118,0.42738,0.42229,0.43462,0.41665,0.43392,1,1,1,1,1,1,1,1,1,1,0,0,0,0,0,0,0,0,0,0
0.05,0.46,0.37,1.01,1,0,1.32,0.69,0.18,0,2,0.43649,0.43042,0.43751,0.42965,0.42566,0.42763,0.4268,0.43455,0.4217,0.43456,1,1,1,1,1,1,1,1,1,1,0,0,0,0,0,0,0,0,0,0
0.05,0.46,0.37,1.01,1,0,1.32,0.69,0.18,0,3,0.43488,0.43095,0.44139,0.42921,0.42729,0.42754,0.42694,0.43446,0.41694,0.43423,1,1,1,1,1,1,1,1,1,1,0,0,0,0,0,0,0,0,0,0
0.05,0.46,0.37,1.01,1,0,1.32,0.69,0.18,0,4,0.43546,0.44214,0.44234,0.42899,0.44123,0.42738,0.42227,0.43462,0.41663,0.43392,1,1,1,1,1,1,1,1,1,1,0,0,0,0,0,0,0,0,0,0
0.05,0.46,0.37,1.01,1,0,1.32,0.69,0.18,0,5,0.4403,0.42905,0.43631,0.42899,0.42819,0.42738,0.42649,0.43462,0.42102,0.43392,1,1,1,1,1,1,1,1,1,1,0,0,0,0,0,0,0,0,0,0
0.05,0.46,0.37,1.01,1,0,1.32,0.69,0.18,0,6,0.4403,0.42905,0.43631,0.42899,0.42819,0.42738,0.42649,0.43462,0.42102,0.43392,1,1,1,1,1,1,1,1,1,1,0,0,0,0,0,0,0,0,0,0
0.05,0.46,0.37,1.01,1,0,1.32,0.69,0.18,1,1,0.43022,0.42582,0.43173,0.41879,0.42383,0.41735,0.41956,0.425,0.4193,0.42475,1,1,1,1,1,1,1,1,1,1,0,0,0,0,0,0,0,0,0,0
0.05,0.46,0.37,1.01,1,0,1.32,0.69,0.18,1,2,0.43122,0.43296,0.43979,0.42712,0.42777,0.42343,0.426,0.43354,0.42549,0.43002,1,1,1,1,1,1,1,1,1,1,0,0,0,0,0,0,0,0,0,0
0.05,0.46,0.37,1.01,1,0,1.32,0.69,0.18,1,3,0.42563,0.42695,0.43315,0.41975,0.42223,0.41839,0.42116,0.42576,0.41987,0.42461,1,1,1,1,1,1,1,1,1,1,0,0,0,0,0,0,0,0,0,0
0.05,0.46,0.37,1.01,1,0,1.32,0.69,0.18,1,4,0.43016,0.42576,0.43167,0.41874,0.42378,0.4173,0.41953,0.42494,0.41925,0.4247,1,1,1,1,1,1,1,1,1,1,0,0,0,0,0,0,0,0,0,0
0.05,0.46,0.37,1.01,1,0,1.32,0.69,0.18,1,5,0.43435,0.43184,0.43893,0.42581,0.43042,0.42407,0.42605,0.43338,0.42403,0.4285,1,1,1,1,1,1,1,1,1,1,0,0,0,0,0,0,0,0,0,0
0.05,0.46,0.37,1.01,1,0,1.32,0.69,0.18,1,6,0.43435,0.43184,0.43893,0.42581,0.43042,0.42407,0.42605,0.43338,0.42403,0.4285,1,1,1,1,1,1,1,1,1,1,0,0,0,0,0,0,0,0,0,0