0.2,0.27,0.4,1.2,4,3,2.07,0.94,0.9,0,1,0.26225,0.194,0.17592,0.14875,0.13822,0.17805,0.18541,0.21008,0.1198,0.21884,0.27839,0.038415,0.053782,0.24486,0.052684,0.068749,0.10397,0.067851,0.059369,0.81301
0.2,0.27,0.4,1.2,4,3,2.07,0.94,0.9,0,2,0.30821,0.29819,0.28312,0.27793,0.27263,0.21716,0.28275,0.31563,0.22824,0.29884,0.66523,0.72684,0.94123,0.38756,0.55896,0.38942,0.90313,0.40441,0.38678,0.38913
0.2,0.27,0.4,1.2,4,3,2.07,0.94,0.9,0,3,0.24905,0.21633,0.21198,0.17456,0.20392,0.1684,0.20148,0.27064,0.16558,0.24889,0.1041,0.10758,0.7491,0.50796,0.18869,0.50199,0.15734,0.12122,0.60291,0.10689
0.2,0.27,0.4,1.2,4,3,2.07,0.94,0.9,0,4,0.26197,0.1932,0.17596,0.14862,0.13834,0.17733,0.18713,0.21021,0.11993,0.2195,0.60844,0.82249,0.45357,0.90292,0.38607,0.21904,0.37637,0.21816,0.20984,0.20817
0.2,0.27,0.4,1.2,4,3,2.07,0.94,0.9,0,5,0.25932,0.19324,0.1762,0.14903,0.13877,0.17853,0.18458,0.20466,0.1205,0.21839,0.66213,0.8462,0.49736,0.93534,0.42731,0.26313,0.42741,0.4085,0.25421,0.25274
0.2,0.27,0.4,1.2,4,3,2.07,0.94,0.9,0,6,0.25418,0.19483,0.17886,0.15114,0.14386,0.18115,0.18421,0.19521,0.12179,0.2142,0.29712,0.64332,0.63391,0.97747,0.4857,0.30829,0.47188,0.30682,0.29849,0.298
0.2,0.27,0.4,1.2,4,3,2.07,0.94,0.9,1,1,0.23584,0.19095,0.17725,0.15439,0.13998,0.15204,0.18696,0.20241,0.12181,0.21137,1,0.9997,0.068114,0.49622,0.066122,0.80631,0.038339,0.99582,0.077574,1
0.2,0.27,0.4,1.2,4,3,2.07,0.94,0.9,1,2,0.30906,0.29879,0.283,0.27759,0.27303,0.21691,0.28194,0.31574,0.22817,0.29904,0.98342,0.98488,0.984,0.97208,0.9872,0.97945,0.96946,0.98924,0.39564,0.98837
0.2,0.27,0.4,1.2,4,3,2.07,0.94,0.9,1,3,0.24899,0.21632,0.21226,0.17469,0.20424,0.16842,0.20223,0.27063,0.16581,0.24889,1,1,1,1,1,1,1,1,0.9997,1
0.2,0.27,0.4,1.2,4,3,2.07,0.94,0.9,1,4,0.23601,0.19184,0.17772,0.1544,0.14059,0.15267,0.18612,0.20183,0.12235,0.21152,0.97004,0.97324,0.21629,1,0.97266,1,0.96946,0.97615,0.99971,0.2222
0.2,0.27,0.4,1.2,4,3,2.07,0.94,0.9,1,5,0.23666,0.19242,0.17814,0.1541,0.14435,0.15317,0.18611,0.20126,0.12387,0.21059,0.97208,0.97499,0.97295,1,0.97441,1,0.96946,0.26292,1,0.26612
0.2,0.27,0.4,1.2,4,3,2.07,0.94,0.9,1,6,0.23326,0.19035,0.17796,0.15357,0.14441,0.14904,0.18506,0.20165,0.12256,0.19511,0.30839,0.97644,0.97441,1,0.97557,0.97063,0.96946,0.30713,1,0.45526
0.18,0.9,0.12,1.38,2,1,2.25,0.63,0.82,0,1,0.19897,0.25372,0.24191,0.22508,0.052035,0.21756,0.18031,0.32222,0.21584,0.32101,0.14086,0.014465,0.021947,0.014465,0.90912,0.014665,0.052474,0.007482,0.07901,0.007482
0.18,0.9,0.12,1.38,2,1,2.25,0.63,0.82,0,2,0.2535,0.22861,0.23174,0.19164,0.11377,0.14812,0.10688,0.25305,0.12399,0.19277,0.05191,0.10186,0.15211,0.15299,0.14838,0.15377,0.73232,0.05191,0.15309,0.15406
0.18,0.9,0.12,1.38,2,1,2.25,0.63,0.82,0,3,0.27466,0.26599,0.2825,0.2359,0.24725,0.22882,0.24729,0.27295,0.22202,0.27781,0.027452,0.027352,0.027352,0.027352,0.027352,0.027551,0.69594,0.02775,0.027352,0.027352
0.18,0.9,0.12,1.38,2,1,2.25,0.63,0.82,0,4,0.19872,0.25371,0.24189,0.22506,0.050752,0.21755,0.18025,0.32222,0.21581,0.32101,0.13835,0.014207,0.021556,0.014207,0.89291,0.014403,0.051538,0.0073486,0.077601,0.0073486
0.18,0.9,0.12,1.38,2,1,2.25,0.63,0.82,0,5,0.34604,0.25436,0.24189,0.22573,0.050752,0.21823,0.18025,0.32319,0.21581,0.32101,0.0073486,0.058789,0.021556,0.058789,0.89291,0.058985,0.051538,0.0073486,0.077601,0.0073486
0.18,0.9,0.12,1.38,2,1,2.25,0.63,0.82,0,6,0.34604,0.25436,0.23776,0.22573,0.144,0.21823,0.19183,0.32319,0.21,0.32099,0.0073486,0.058789,0.066627,0.058789,0.57829,0.058985,0.19469,0.0073486,0.26416,0.0073486
0.18,0.9,0.12,1.38,2,1,2.25,0.63,0.82,1,1,0.34517,0.25372,0.035182,0.22508,0.15012,0.21756,0.23851,0.2882,0.15562,0.32103,0.0074709,0.014444,0.9997,0.014444,0.014444,0.99701,0.0074709,0.0074709,0.014444,0.0074709
0.18,0.9,0.12,1.38,2,1,2.25,0.63,0.82,1,2,0.23116,0.22854,0.22504,0.1915,0.12033,0.14793,0.10671,0.16493,0.12862,0.19263,0.15206,0.10085,0.99942,0.99913,0.99855,0.15196,0.14692,0.09552,0.99855,0.99913
0.18,0.9,0.12,1.38,2,1,2.25,0.63,0.82,1,3,0.27466,0.26599,0.2825,0.2359,0.24725,0.22881,0.24733,0.27295,0.22202,0.27781,1,0.9997,1,0.9994,0.9997,0.99911,0.027336,0.9997,0.99911,1
0.18,0.9,0.12,1.38,2,1,2.25,0.63,0.82,1,4,0.34517,0.2537,0.034848,0.22505,0.15007,0.21753,0.23849,0.2882,0.15557,0.32104,0.0072731,0.99796,0.15758,0.014061,0.014061,0.99709,0.0072731,0.0072731,0.014061,0.0072731
0.18,0.9,0.12,1.38,2,1,2.25,0.63,0.82,1,5,0.34605,0.25435,0.034848,0.22575,0.15007,0.21821,0.23849,0.2882,0.15805,0.32104,0.0072731,0.99796,0.15758,0.99767,0.014061,0.99738,0.0072731,0.0072731,0.014061,0.0072731
0.18,0.9,0.12,1.38,2,1,2.25,0.63,0.82,1,6,0.34605,0.25435,0.040412,0.22575,0.15007,0.21821,0.23849,0.28418,0.15805,0.32101,0.0072731,0.99796,1,0.99767,0.014061,0.99738,0.0072731,0.0072731,0.014061,0.0072731
0.18,0.51,0.82,1.16,0,2,2.16,0.07,0.29,0,1,0.28418,0.34022,0.08498,0.32862,0.09217,0.33281,0.30707,0.34481,0.28278,0.15385,0.65596,0.62113,0.31531,0.62383,0.67272,0.38914,0.89174,0.42097,0.66633,0.32489
0.18,0.51,0.82,1.16,0,2,2.16,0.07,0.29,0,2,0.33555,0.35144,0.32728,0.3287,0.31205,0.32944,0.33729,0.32827,0.31849,0.331,0.32661,0.10413,0.3079,0.8076,0.44651,0.37089,0.97561,0.35012,0.89459,0.24285
0.18,0.51,0.82,1.16,0,2,2.16,0.07,0.29,0,3,0.32034,0.35989,0.29989,0.31453,0.26847,0.32351,0.31192,0.32634,0.29988,0.30571,0.80975,0.69642,0.3197,0.22736,0.44647,0.095224,0.27423,0.090448,0.23085,0.40846
0.18,0.51,0.82,1.16,0,2,2.16,0.07,0.29,0,4,0.28418,0.34022,0.08498,0.32862,0.09217,0.33281,0.30707,0.34481,0.28278,0.15385,0.65596,0.62113,0.31531,0.62383,0.67272,0.38914,0.89174,0.42097,0.66633,0.32489
0.18,0.51,0.82,1.16,0,2,2.16,0.07,0.29,0,5,0.28418,0.34022,0.08498,0.32862,0.09217,0.33281,0.30707,0.34481,0.28278,0.15385,0.65596,0.62113,0.31531,0.62383,0.67272,0.38914,0.89174,0.42097,0.66633,0.32489
0.18,0.51,0.82,1.16,0,2,2.16,0.07,0.29,0,6,0.2836,0.34595,0.084496,0.33283,0.091784,0.33268,0.34729,0.34467,0.34425,0.15284,0.64451,0.11529,0.3098,0.12588,0.66098,0.38235,0.0073529,0.41363,0.0073529,0.31922
0.18,0.51,0.82,1.16,0,2,2.16,0.07,0.29,1,1,0.27844,0.34128,0.29103,0.33609,0.2586,0.1837,0.06512,0.22132,0.19539,0.26722,0.79645,0.89972,1,1,0.8333,0.99851,0.9994,0.99881,0.9049,0.9997
0.18,0.51,0.82,1.16,0,2,2.16,0.07,0.29,1,2,0.31671,0.3179,0.33454,0.33303,0.32968,0.32003,0.32467,0.32409,0.32096,0.30908,0.97633,0.97954,0.98743,0.97545,0.98626,0.98392,0.97691,0.99094,0.98392,0.57473
0.18,0.51,0.82,1.16,0,2,2.16,0.07,0.29,1,3,0.27954,0.35161,0.30166,0.2912,0.27163,0.30181,0.3084,0.30454,0.28864,0.27581,0.99583,0.99702,0.99762,1,0.99672,0.99643,0.99643,0.99792,0.99672,0.99613
0.18,0.51,0.82,1.16,0,2,2.16,0.07,0.29,1,4,0.27844,0.34128,0.29103,0.33609,0.2586,0.1837,0.06512,0.22132,0.19539,0.26722,0.79645,0.89972,1,1,0.8333,0.99851,0.9994,0.99881,0.9049,0.9997
0.18,0.51,0.82,1.16,0,2,2.16,0.07,0.29,1,5,0.27844,0.34128,0.29103,0.33609,0.2586,0.1837,0.06512,0.22132,0.19539,0.26722,0.79645,0.89972,1,1,0.8333,0.99851,0.9994,0.99881,0.9049,0.9997
0.18,0.51,0.82,1.16,0,2,2.16,0.07,0.29,1,6,0.28551,0.34298,0.29262,0.33725,0.26417,0.18078,0.063109,0.22065,0.1939,0.27374,0.13812,0.99651,0.9968,0.99651,0.99621,0.97321,0.97409,1,0.88198,0.99592
0.12,0.81,0.9,1.41,4,1,2.44,0.13,0.4,0,1,0.075361,0.012195,0.038456,0.0067712,0.13556,0.13267,0.03798,0.027354,0.11245,0.1517,0.5771,0.2667,0.3268,0.6066,0.0285,0.0617,0.4353,0.5362,0.044,0.1049
0.12,0.81,0.9,1.41,4,1,2.44,0.13,0.4,0,2,0.15883,0.1429,0.13075,0.11007,0.14797,0.13392,0.15718,0.19906,0.12522,0.19977,0.95728,0.95129,0.95561,0.95089,0.95855,0.95237,0.95404,0.9504,0.95207,0.94863
0.12,0.81,0.9,1.41,4,1,2.44,0.13,0.4,0,3,0.044559,0.002098,0.015214,0.0055147,0.0035723,0.010072,0.0092165,0.074016,0.0085425,0.015606,0.93004,0.9132,0.46163,0.69823,0.40024,0.82808,0.9127,0.96482,0.89825,0.9111
0.12,0.81,0.9,1.41,4,1,2.44,0.13,0.4,0,4,0.075361,0.012195,0.038456,0.0067712,0.13556,0.13267,0.03798,0.027354,0.11245,0.1517,0.5771,0.2667,0.3268,0.6066,0.0285,0.0617,0.4353,0.5362,0.044,0.1049
0.12,0.81,0.9,1.41,4,1,2.44,0.13,0.4,0,5,0.075361,0.012195,0.038456,0.0067712,0.13556,0.13267,0.03798,0.027354,0.11245,0.1517,0.5771,0.2667,0.3268,0.6066,0.0285,0.0617,0.4353,0.5362,0.044,0.1049
0.12,0.81,0.9,1.41,4,1,2.44,0.13,0.4,0,6,0.074632,0.03016,0.048049,0.017036,0.13551,0.13261,0.050246,0.072512,0.11235,0.15154,0.56969,0.77414,0.85943,0.86515,0.028134,0.060908,0.79082,0.85923,0.043435,0.10355
0.12,0.81,0.9,1.41,4,1,2.44,0.13,0.4,1,1,0.017575,0.013533,0.095535,0.0039708,0.13208,0.075264,0.088212,0.24094,0.030797,0.068068,0.3971,0.8893,0.0756,0.4307,0.0419,0.1986,0.1665,0.021,0.1531,0.2917
0.12,0.81,0.9,1.41,4,1,2.44,0.13,0.4,1,2,0.14366,0.14119,0.12169,0.10959,0.14725,0.12835,0.15639,0.19856,0.12442,0.1986,0.94299,0.99825,0.93754,0.99737,0.95359,0.99562,0.99854,0.99815,0.94377,0.93696
0.12,0.81,0.9,1.41,4,1,2.44,0.13,0.4,1,3,0.047126,0.00407,0.02431,0.0054357,0.0033978,0.0049805,0.0090444,0.077162,0.0076996,0.015593,0.99197,0.78097,0.29838,0.72741,0.39837,0.9882,0.99256,0.99197,0.97847,0.99197
0.12,0.81,0.9,1.41,4,1,2.44,0.13,0.4,1,4,0.017575,0.013533,0.095535,0.0039708,0.13208,0.075264,0.088212,0.24094,0.030797,0.068068,0.3971,0.8893,0.0756,0.4307,0.0419,0.1986,0.1665,0.021,0.1531,0.2917
0.12,0.81,0.9,1.41,4,1,2.44,0.13,0.4,1,5,0.017575,0.013533,0.095535,0.0039708,0.13208,0.075264,0.088212,0.24094,0.030797,0.068068,0.3971,0.8893,0.0756,0.4307,0.0419,0.1986,0.1665,0.021,0.1531,0.2917
0.12,0.81,0.9,1.41,4,1,2.44,0.13,0.4,1,6,0.016735,0.018521,0.095383,0.0051669,0.13198,0.074989,0.087954,0.24091,0.030504,0.067458,0.38905,1,0.074067,0.67738,0.04105,0.19457,0.16312,0.020574,0.15,0.28578
0.19,0.22,0.43,1.23,3,3,1.22,1.13,0.07,0,1,0.38159,0.35524,0.38282,0.3767,0.38037,0.375,0.37814,0.36219,0.37582,0.37661,0.10573,0.963,0.46808,0.04239,0.014462,0.14153,0.014462,0.22741,0.039697,0.93597
0.19,0.22,0.43,1.23,3,3,1.22,1.13,0.07,0,2,0.383,0.38142,0.38367,0.37669,0.38006,0.37761,0.37799,0.38116,0.37749,0.38059,0.76979,0.1636,0.15576,0.30907,0.20611,0.10335,0.32964,0.10335,0.2887,0.66174
0.19,0.22,0.43,1.23,3,3,1.22,1.13,0.07,0,3,0.38142,0.37918,0.3827,0.3747,0.37695,0.37525,0.37681,0.37845,0.37542,0.37647,0.20175,0.9432,0.041086,0.081078,0.88281,0.27019,0.087147,0.50229,0.075905,0.38749
0.19,0.22,0.43,1.23,3,3,1.22,1.13,0.07,0,4,0.38284,0.37988,0.38264,0.37626,0.37875,0.37669,0.37701,0.37967,0.37624,0.37978,0.058777,0.11922,0.11138,0.2645,0.16125,0.058777,0.28605,0.95435,0.24393,0.61707
0.19,0.22,0.43,1.23,3,3,1.22,1.13,0.07,0,5,0.383,0.38142,0.38367,0.37669,0.38006,0.37761,0.37799,0.38116,0.37749,0.38059,0.76979,0.1636,0.15576,0.30907,0.20611,0.10335,0.32964,0.10335,0.2887,0.66174
0.19,0.22,0.43,1.23,3,3,1.22,1.13,0.07,0,6,0.383,0.38142,0.38367,0.37669,0.38006,0.37761,0.37799,0.38116,0.37749,0.38059,0.76979,0.1636,0.15576,0.30907,0.20611,0.10335,0.32964,0.10335,0.2887,0.66174
0.19,0.22,0.43,1.23,3,3,1.22,1.13,0.07,1,1,0.3799,0.37847,0.38138,0.37441,0.37709,0.37371,0.37491,0.37734,0.3741,0.37674,0.054353,1,0.089957,0.9997,1,1,0.058741,0.9997,1,0.9997
0.19,0.22,0.43,1.23,3,3,1.22,1.13,0.07,1,2,0.38169,0.37973,0.38338,0.37617,0.37978,0.37603,0.37805,0.37959,0.37624,0.37942,0.37947,0.15326,1,0.99942,1,0.45145,0.40974,0.4823,0.37947,0.99971
0.19,0.22,0.43,1.23,3,3,1.22,1.13,0.07,1,3,0.38019,0.37868,0.38106,0.37468,0.37818,0.37409,0.376,0.3777,0.37443,0.3781,0.9997,0.9997,1,0.9997,0.9997,0.12136,0.11004,0.9997,0.9997,0.9997
0.19,0.22,0.43,1.23,3,3,1.22,1.13,0.07,1,4,0.3809,0.37889,0.3828,0.37514,0.37902,0.37498,0.37699,0.37869,0.3752,0.37843,0.33534,0.10913,1,0.99942,1,0.40731,0.99971,0.99971,0.99942,0.99942
0.19,0.22,0.43,1.23,3,3,1.22,1.13,0.07,1,5,0.38169,0.37973,0.38338,0.37617,0.37978,0.37603,0.37805,0.37959,0.37624,0.37942,0.37947,0.15326,1,0.99942,1,0.45145,0.40974,0.4823,0.37947,0.99971
0.19,0.22,0.43,1.23,3,3,1.22,1.13,0.07,1,6,0.38169,0.37973,0.38338,0.37617,0.37978,0.37603,0.37805,0.37959,0.37624,0.37942,0.37947,0.15326,1,0.99942,1,0.45145,0.40974,0.4823,0.37947,0.99971
0.19,0.86,0.29,1.29,2,1,0.48,1.75,0.04,0,1,0.3912,0.39041,0.39147,0.389,0.39022,0.38877,0.38926,0.39023,0.38894,0.38997,0.0074806,0.0074806,0.0074806,0.0074806,0.0074806,0.0074806,0.0074806,0.0074806,0.0074806,0.0074806
0.19,0.86,0.29,1.29,2,1,0.48,1.75,0.04,0,2,0.39148,0.39072,0.39173,0.38937,0.39056,0.38915,0.38962,0.39055,0.38931,0.3903,0.05192,0.05192,0.05192,0.05192,0.05192,0.05192,0.05192,0.05192,0.05192,0.05192
0.19,0.86,0.29,1.29,2,1,0.48,1.75,0.04,0,3,0.39125,0.39046,0.39152,0.38906,0.39029,0.38883,0.3894,0.39028,0.389,0.39003,0.013928,0.013928,0.013928,0.013928,0.013928,0.013928,0.013928,0.013928,0.013928,0.013928
0.19,0.86,0.29,1.29,2,1,0.48,1.75,0.04,0,4,0.39148,0.39072,0.39173,0.38937,0.39056,0.38915,0.38962,0.39055,0.38931,0.3903,0.05192,0.05192,0.05192,0.05192,0.05192,0.05192,0.05192,0.05192,0.05192,0.05192
0.19,0.86,0.29,1.29,2,1,0.48,1.75,0.04,0,5,0.39148,0.39072,0.39173,0.38937,0.39056,0.38915,0.38962,0.39055,0.38931,0.3903,0.05192,0.05192,0.05192,0.05192,0.05192,0.05192,0.05192,0.05192,0.05192,0.05192
0.19,0.86,0.29,1.29,2,1,0.48,1.75,0.04,0,6,0.39148,0.39072,0.39173,0.38937,0.39056,0.38915,0.38962,0.39055,0.38931,0.3903,0.05192,0.05192,0.05192,0.05192,0.05192,0.05192,0.05192,0.05192,0.05192,0.05192
0.19,0.86,0.29,1.29,2,1,0.48,1.75,0.04,1,1,0.3912,0.39041,0.39147,0.389,0.39023,0.38877,0.38926,0.39023,0.38894,0.38997,0.0074709,0.0074709,1,0.0074709,0.0074709,0.0074709,1,0.0074709,0.0074709,1
0.19,0.86,0.29,1.29,2,1,0.48,1.75,0.04,1,2,0.39148,0.39072,0.39173,0.38937,0.39056,0.38915,0.38962,0.39055,0.38931,0.3903,0.051396,0.051396,1,0.051396,0.051396,1,0.051396,0.051396,1,1
0.19,0.86,0.29,1.29,2,1,0.48,1.75,0.04,1,3,0.39125,0.39046,0.39152,0.38906,0.39029,0.38883,0.3894,0.39028,0.389,0.39003,0.013892,0.013892,1,0.013892,0.013892,0.013892,0.013892,0.013892,0.013892,1
0.19,0.86,0.29,1.29,2,1,0.48,1.75,0.04,1,4,0.39148,0.39072,0.39173,0.38937,0.39056,0.38915,0.38962,0.39055,0.38931,0.3903,0.051396,0.051396,1,0.051396,0.051396,1,0.051396,0.051396,1,1
0.19,0.86,0.29,1.29,2,1,0.48,1.75,0.04,1,5,0.39148,0.39072,0.39173,0.38937,0.39056,0.38915,0.38962,0.39055,0.38931,0.3903,0.051396,0.051396,1,0.051396,0.051396,1,0.051396,0.051396,1,1
0.19,0.86,0.29,1.29,2,1,0.48,1.75,0.04,1,6,0.39148,0.39072,0.39173,0.38937,0.39056,0.38915,0.38962,0.39055,0.38931,0.3903,0.051396,0.051396,1,0.051396,0.051396,1,0.051396,0.051396,1,1
0.14,0.53,0.87,1.26,0,3,1.13,1.81,0.79,0,1,0.090777,0.064601,0.13244,0.085067,0.20272,0.15432,0.18502,0.26631,0.10449,0.24836,0.8737,0.98045,0.29709,0.45162,0.39954,0.073324,0.32572,0.16909,0.86223,0.94503
0.14,0.53,0.87,1.26,0,3,1.13,1.81,0.79,0,2,0.15222,0.13737,0.087388,0.077889,0.13471,0.13816,0.10418,0.10942,0.10525,0.099591,0.89403,0.84723,0.75098,0.93475,0.91533,0.30573,0.76629,0.65326,0.47645,0.77816
0.14,0.53,0.87,1.26,0,3,1.13,1.81,0.79,0,3,0.13047,0.14495,0.09372,0.048294,0.048121,0.14887,0.17172,0.11225,0.05193,0.128,0.9158,0.08121,0.88177,0.30832,0.80872,0.027568,0.027369,0.46865,0.60251,0.95372
0.14,0.53,0.87,1.26,0,3,1.13,1.81,0.79,0,4,0.090777,0.064601,0.13244,0.085067,0.20272,0.15432,0.18502,0.26631,0.10449,0.24836,0.8737,0.98045,0.29709,0.45162,0.39954,0.073324,0.32572,0.16909,0.86223,0.94503
0.14,0.53,0.87,1.26,0,3,1.13,1.81,0.79,0,5,0.090777,0.064601,0.13244,0.085067,0.20272,0.15432,0.18502,0.26631,0.10449,0.24836,0.8737,0.98045,0.29709,0.45162,0.39954,0.073324,0.32572,0.16909,0.86223,0.94503
0.14,0.53,0.87,1.26,0,3,1.13,1.81,0.79,0,6,0.090777,0.064601,0.13244,0.085067,0.20272,0.15432,0.18502,0.26631,0.10449,0.24836,0.8737,0.98045,0.29709,0.45162,0.39954,0.073324,0.32572,0.16909,0.86223,0.94503
0.14,0.53,0.87,1.26,0,3,1.13,1.81,0.79,1,1,0.11751,0.065808,0.061986,0.09088,0.24313,0.15138,0.21765,0.26591,0.066486,0.26322,0.9994,0.71261,0.53027,0.57947,0.80133,0.06423,0.98088,0.16989,0.9997,0.9054
0.14,0.53,0.87,1.26,0,3,1.13,1.81,0.79,1,2,0.20009,0.13451,0.092814,0.077309,0.15224,0.14352,0.104,0.11287,0.092347,0.10261,0.86788,1,0.98922,0.9352,0.87255,0.31494,0.98776,0.9761,0.97639,0.99709
0.14,0.53,0.87,1.26,0,3,1.13,1.81,0.79,1,3,0.23593,0.14917,0.11933,0.049815,0.077812,0.14679,0.1717,0.1283,0.059684,0.075782,0.027585,0.079083,0.95981,0.86208,0.88778,0.027287,0.027287,0.22177,0.72524,0.63872
0.14,0.53,0.87,1.26,0,3,1.13,1.81,0.79,1,4,0.11751,0.065808,0.061986,0.09088,0.24313,0.15138,0.21765,0.26591,0.066486,0.26322,0.9994,0.71261,0.53027,0.57947,0.80133,0.06423,0.98088,0.16989,0.9997,0.9054
0.14,0.53,0.87,1.26,0,3,1.13,1.81,0.79,1,5,0.11751,0.065808,0.061986,0.09088,0.24313,0.15138,0.21765,0.26591,0.066486,0.26322,0.9994,0.71261,0.53027,0.57947,0.80133,0.06423,0.98088,0.16989,0.9997,0.9054
0.14,0.53,0.87,1.26,0,3,1.13,1.81,0.79,1,6,0.11751,0.065808,0.061986,0.09088,0.24313,0.15138,0.21765,0.26591,0.066486,0.26322,0.9994,0.71261,0.53027,0.57947,0.80133,0.06423,0.98088,0.16989,0.9997,0.9054
0.11,0.68,0.84,1.35,4,1,0.66,2,0.48,0,1,0.036602,0.020048,0.047072,0.058386,0.012597,0.035564,0.12671,0.027536,0.0080737,0.05247,0.52186,0.50828,0.25509,0.21587,0.69401,0.87974,0.16507,0.69601,0.51098,0.97894
0.11,0.68,0.84,1.35,4,1,0.66,2,0.48,0,2,0.18984,0.15981,0.15133,0.1449,0.17263,0.15196,0.18671,0.21713,0.17117,0.19244,0.86198,0.86297,0.85981,0.86297,0.85201,0.85882,0.86001,0.85527,0.86248,0.85981
0.11,0.68,0.84,1.35,4,1,0.66,2,0.48,0,3,0.0689,0.045109,0.051458,0.041388,0.049909,0.05609,0.040935,0.086004,0.046728,0.081884,0.97174,0.98697,0.85184,0.9797,0.95174,0.86687,0.95184,0.96219,0.88577,0.93154
0.11,0.68,0.84,1.35,4,1,0.66,2,0.48,0,4,0.036602,0.020048,0.047072,0.058386,0.012597,0.035564,0.12671,0.027536,0.0080737,0.05247,0.52186,0.50828,0.25509,0.21587,0.69401,0.87974,0.16507,0.69601,0.51098,0.97894
0.11,0.68,0.84,1.35,4,1,0.66,2,0.48,0,5,0.036254,0.019785,0.046921,0.058267,0.012254,0.036517,0.12663,0.027168,0.0078108,0.066442,0.51783,0.50436,0.25312,0.2142,0.68865,0.69509,0.16379,0.69063,0.50703,0.65696
0.11,0.68,0.84,1.35,4,1,0.66,2,0.48,0,6,0.036104,0.019672,0.046855,0.058216,0.015245,0.070405,0.12659,0.02701,0.0076975,0.081096,0.51609,0.50266,0.25227,0.21348,0.54214,0.73016,0.16325,0.68831,0.50533,0.85403
0.11,0.68,0.84,1.35,4,1,0.66,2,0.48,1,1,0.027042,0.020095,0.052233,0.017293,0.034813,0.068739,0.059818,0.041545,0.019736,0.074286,0.72386,0.63822,0.32095,0.52101,0.25453,0.21241,0.99582,0.81209,0.99582,0.98496
0.11,0.68,0.84,1.35,4,1,0.66,2,0.48,1,2,0.18927,0.1592,0.15073,0.14433,0.17214,0.16126,0.18634,0.2178,0.17064,0.19194,0.85682,0.99971,0.85466,0.8578,0.8469,0.99823,0.99971,0.99902,1,0.99971
0.11,0.68,0.84,1.35,4,1,0.66,2,0.48,1,3,0.070856,0.045601,0.055587,0.04141,0.050072,0.058131,0.040965,0.078665,0.047291,0.081844,0.99494,0.8765,0.99524,0.99197,0.99197,0.48705,0.99762,0.74804,0.89991,0.99643
0.11,0.68,0.84,1.35,4,1,0.66,2,0.48,1,4,0.027042,0.020095,0.052233,0.017293,0.034813,0.068739,0.059818,0.041545,0.019736,0.074286,0.72386,0.63822,0.32095,0.52101,0.25453,0.21241,0.99582,0.81209,0.99582,0.98496
0.11,0.68,0.84,1.35,4,1,0.66,2,0.48,1,5,0.026604,0.019734,0.052044,0.016914,0.034642,0.068578,0.060041,0.040969,0.032678,0.078912,0.71658,0.6318,0.31772,0.51577,0.25197,0.21027,0.99083,0.80392,0.73945,0.67005
0.11,0.68,0.84,1.35,4,1,0.66,2,0.48,1,6,0.025963,0.045608,0.051768,0.025837,0.034392,0.068343,0.067861,0.040541,0.046923,0.078158,0.70593,0.99213,0.313,0.88026,0.24823,0.20715,0.99563,0.98747,1,0.84636
0.13,0.38,0.2,1.54,3,1,0.01,0.38,0.54,0,1,0.31742,0.29314,0.31784,0.27307,0.28763,0.26627,0.27196,0.27959,0.26569,0.30392,0.017971,0.014776,0.70787,0.016673,0.014976,0.023263,0.015475,0.028554,0.016573,0.01877
0.13,0.38,0.2,1.54,3,1,0.01,0.38,0.54,0,2,0.32932,0.32595,0.34456,0.30911,0.3156,0.30339,0.31182,0.32525,0.30786,0.32847,0.52296,0.49813,0.49625,0.50469,0.49766,0.53561,0.49625,0.53655,0.50375,0.51312
0.13,0.38,0.2,1.54,3,1,0.01,0.38,0.54,0,3,0.3081,0.29567,0.31824,0.27711,0.28848,0.26904,0.27863,0.29968,0.26827,0.30459,0.034236,0.027866,0.83927,0.029558,0.027966,0.035928,0.027866,0.036326,0.029757,0.031051
0.13,0.38,0.2,1.54,3,1,0.01,0.38,0.54,0,4,0.31742,0.29313,0.31807,0.27306,0.28762,0.26625,0.27194,0.27957,0.26568,0.30392,0.017647,0.01451,0.75755,0.016373,0.014706,0.022843,0.015196,0.028039,0.016275,0.018431
0.13,0.38,0.2,1.54,3,1,0.01,0.38,0.54,0,5,0.31742,0.29313,0.31807,0.27306,0.28762,0.26625,0.27194,0.27957,0.26568,0.30392,0.017647,0.01451,0.75755,0.016373,0.014706,0.022843,0.015196,0.028039,0.016275,0.018431
0.13,0.38,0.2,1.54,3,1,0.01,0.38,0.54,0,6,0.31573,0.2939,0.31632,0.27395,0.28797,0.26721,0.27253,0.2955,0.26661,0.30139,0.06261,0.059083,0.90604,0.060945,0.059279,0.067411,0.059769,0.067509,0.060847,0.062904
0.13,0.38,0.2,1.54,3,1,0.01,0.38,0.54,1,1,0.31742,0.29313,0.31927,0.27307,0.28765,0.26617,0.27198,0.28889,0.26571,0.28111,0.99582,0.99582,1,0.01663,0.99582,0.018821,0.016829,0.018323,0.99582,0.99582
0.13,0.38,0.2,1.54,3,1,0.01,0.38,0.54,1,2,0.31353,0.30506,0.33056,0.28298,0.29354,0.27446,0.28657,0.30528,0.28095,0.31086,0.96946,0.96946,1,0.10441,0.96946,0.96946,0.10441,0.96946,0.96946,1
0.13,0.38,0.2,1.54,3,1,0.01,0.38,0.54,1,3,0.30809,0.29573,0.31903,0.2771,0.2885,0.26895,0.27865,0.2996,0.26828,0.30458,0.99197,0.99197,0.033429,1,0.99197,0.031644,0.029461,0.99197,0.99197,1
0.13,0.38,0.2,1.54,3,1,0.01,0.38,0.54,1,4,0.31738,0.29308,0.31916,0.27305,0.28753,0.26615,0.27196,0.28882,0.26563,0.28099,0.96946,0.96946,1,0.01619,0.96946,0.018323,0.016384,0.96946,0.96946,1
0.13,0.38,0.2,1.54,3,1,0.01,0.38,0.54,1,5,0.31738,0.29308,0.31916,0.27305,0.28753,0.26615,0.27196,0.28882,0.26563,0.28099,0.96946,0.96946,1,0.01619,0.96946,0.018323,0.016384,0.96946,0.96946,1
0.13,0.38,0.2,1.54,3,1,0.01,0.38,0.54,1,6,0.31569,0.29381,0.31669,0.27393,0.28788,0.26711,0.27254,0.29532,0.26655,0.30131,0.96946,0.96946,1,0.060301,0.96946,0.062433,0.060494,0.96946,0.96946,1
0.15,0.66,0.26,1.69,1,2,0.29,0.76,0.76,0,1,0.25252,0.24866,0.1672,0.2197,0.14786,0.24021,0.21266,0.19402,0.20593,0.25587,0.039689,0.31821,0.73355,0.01446,0.01446,0.016953,0.31671,0.065915,0.01446,0.01446
0.15,0.66,0.26,1.69,1,2,0.29,0.76,0.76,0,2,0.24193,0.23602,0.22746,0.21485,0.22498,0.23451,0.21894,0.24742,0.21209,0.22684,0.19796,0.10339,0.10339,0.10339,0.10339,0.12034,0.10339,0.1225,0.10339,0.10339
0.15,0.66,0.26,1.69,1,2,0.29,0.76,0.76,0,3,0.2796,0.2565,0.26315,0.22779,0.23225,0.24734,0.23571,0.27168,0.213,0.26649,0.030933,0.027352,0.82753,0.027352,0.64273,0.030734,0.24209,0.032524,0.027352,0.027352
0.15,0.66,0.26,1.69,1,2,0.29,0.76,0.76,0,4,0.25255,0.24864,0.16579,0.21968,0.14782,0.2402,0.21258,0.19395,0.20591,0.25586,0.038981,0.31254,0.72047,0.014202,0.014202,0.01665,0.31107,0.06474,0.014202,0.014202
0.15,0.66,0.26,1.69,1,2,0.29,0.76,0.76,0,5,0.24921,0.24905,0.26127,0.21968,0.14782,0.2402,0.21877,0.19395,0.20591,0.25586,0.039012,0.014213,0.014213,0.014213,0.014213,0.016663,0.014213,0.064791,0.014213,0.014213
0.15,0.66,0.26,1.69,1,2,0.29,0.76,0.76,0,6,0.24921,0.24905,0.26127,0.21968,0.14782,0.2402,0.21877,0.19395,0.20591,0.25586,0.039012,0.014213,0.014213,0.014213,0.014213,0.016663,0.014213,0.064791,0.014213,0.014213
0.15,0.66,0.26,1.69,1,2,0.29,0.76,0.76,1,1,0.26592,0.24925,0.26115,0.21947,0.056866,0.2114,0.22356,0.22326,0.20549,0.25511,0.99881,0.99821,0.99821,0.014439,0.62219,0.014639,0.99791,0.03336,0.99761,0.014439
0.15,0.66,0.26,1.69,1,2,0.29,0.76,0.76,1,2,0.27496,0.23592,0.22735,0.21474,0.22488,0.21076,0.22563,0.21793,0.21197,0.22674,0.051441,0.99942,0.1024,0.99913,0.99942,0.99913,0.99913,1,0.99913,0.99942
0.15,0.66,0.26,1.69,1,2,0.29,0.76,0.76,1,3,0.23889,0.25649,0.26419,0.22779,0.2351,0.22034,0.23695,0.25711,0.21299,0.26649,0.052156,0.9997,0.9997,0.9994,0.9994,0.99911,0.02732,0.9997,0.9994,0.9997
0.15,0.66,0.26,1.69,1,2,0.29,0.76,0.76,1,4,0.26586,0.24912,0.26108,0.21952,0.056633,0.21143,0.22349,0.22321,0.20526,0.25515,0.97237,0.97179,0.97179,0.014057,0.60572,0.014251,0.9715,0.032477,0.97121,0.014057
0.15,0.66,0.26,1.69,1,2,0.29,0.76,0.76,1,5,0.2659,0.24923,0.26113,0.21943,0.058755,0.21137,0.22354,0.22321,0.20547,0.25509,1,0.99942,0.99942,0.99913,0.99447,0.014268,0.99913,0.99971,0.99884,0.014074
0.15,0.66,0.26,1.69,1,2,0.29,0.76,0.76,1,6,0.2659,0.24923,0.26113,0.21943,0.058755,0.21137,0.22354,0.22321,0.20547,0.25509,1,0.99942,0.99942,0.99913,0.99447,0.014268,0.99913,0.99971,0.99884,0.014074
0.15,0.35,0.68,1.97,1,0,0.38,0.32,0.34,0,1,0.15794,0.27574,0.071816,0.25538,0.17767,0.28984,0.17956,0.284,0.21687,0.18776,0.42304,0.21352,0.24396,0.67548,0.74296,0.043621,0.90577,0.31094,0.71701,0.32312
0.15,0.35,0.68,1.97,1,0,0.38,0.32,0.34,0,2,0.3265,0.28201,0.27274,0.29077,0.30193,0.28623,0.27452,0.30116,0.27747,0.32362,0.78202,0.54505,0.91206,0.25143,0.56502,0.63112,0.4758,0.61548,0.24661,0.66103
0.15,0.35,0.68,1.97,1,0,0.38,0.32,0.34,0,3,0.32343,0.28465,0.33697,0.28492,0.27449,0.27484,0.21018,0.28571,0.27002,0.29919,0.58665,0.13832,0.23106,0.77084,0.56326,0.37697,0.1708,0.36428,0.79472,0.24775
0.15,0.35,0.68,1.97,1,0,0.38,0.32,0.34,0,4,0.15794,0.27574,0.071816,0.25538,0.17767,0.28984,0.17956,0.284,0.21687,0.18776,0.42304,0.21352,0.24396,0.67548,0.74296,0.043621,0.90577,0.31094,0.71701,0.32312
0.15,0.35,0.68,1.97,1,0,0.38,0.32,0.34,0,5,0.15269,0.27569,0.07137,0.25492,0.17677,0.28986,0.17569,0.28384,0.21503,0.18701,0.72958,0.21049,0.2405,0.66591,0.73243,0.043003,0.33428,0.30653,0.70685,0.31854
0.15,0.35,0.68,1.97,1,0,0.38,0.32,0.34,0,6,0.17401,0.30574,0.31892,0.27932,0.28965,0.27755,0.27157,0.29113,0.27119,0.24352,0.8542,0.13071,0.43141,0.16294,0.44621,0.54752,0.54664,0.53302,0.15657,0.97648
0.15,0.35,0.68,1.97,1,0,0.38,0.32,0.34,1,1,0.33929,0.27779,0.15693,0.26525,0.24883,0.25739,0.27305,0.30886,0.28755,0.30313,0.99582,0.99582,0.46186,0.99582,0.99582,0.99582,0.14609,0.18323,0.9997,0.99582
0.15,0.35,0.68,1.97,1,0,0.38,0.32,0.34,1,2,0.31685,0.3003,0.32874,0.28104,0.29498,0.27822,0.28641,0.31831,0.27808,0.30744,0.97557,0.97557,0.98022,1,0.97761,0.36112,0.96946,0.4348,1,1
0.15,0.35,0.68,1.97,1,0,0.38,0.32,0.34,1,3,0.32598,0.29366,0.33872,0.26923,0.28705,0.25825,0.28058,0.30908,0.27773,0.32013,0.99197,0.99197,1,0.9997,1,0.97302,0.9628,0.99197,0.99197,1
0.15,0.35,0.68,1.97,1,0,0.38,0.32,0.34,1,4,0.33929,0.27779,0.15693,0.26525,0.24883,0.25739,0.27305,0.30886,0.28755,0.30313,0.99582,0.99582,0.46186,0.99582,0.99582,0.99582,0.14609,0.18323,0.9997,0.99582
0.15,0.35,0.68,1.97,1,0,0.38,0.32,0.34,1,5,0.33868,0.27695,0.15495,0.26486,0.24789,0.2562,0.27293,0.30869,0.28692,0.30262,0.96946,0.96946,0.44964,1,1,0.96946,0.14222,0.17838,0.99971,0.96946
0.15,0.35,0.68,1.97,1,0,0.38,0.32,0.34,1,6,0.32545,0.29286,0.32793,0.27262,0.26549,0.26911,0.27709,0.31427,0.26938,0.30395,0.97179,0.97266,0.9779,1,0.20029,0.2729,0.96946,0.34329,1,1
0.16,0.7,0.59,1.94,3,4,1.41,0.82,0.2,0,1,0.16718,0.31771,0.3267,0.2773,0.31036,0.30366,0.28164,0.27827,0.24023,0.27228,0.96458,0.40802,0.68565,0.86453,0.05836,0.17418,0.97606,0.96219,0.87959,0.56824
0.16,0.7,0.59,1.94,3,4,1.41,0.82,0.2,0,2,0.34209,0.32882,0.33879,0.31712,0.32104,0.31341,0.31804,0.32982,0.31587,0.32719,0.94983,0.42289,0.80639,0.57574,0.42828,0.30952,0.49353,0.30952,0.56271,0.85793
0.16,0.7,0.59,1.94,3,4,1.41,0.82,0.2,0,3,0.32786,0.32172,0.3197,0.30921,0.31326,0.30508,0.30939,0.3236,0.30881,0.32085,0.24572,0.31352,0.4093,0.89865,0.1137,0.3398,0.76364,0.33144,0.14705,0.21794
0.16,0.7,0.59,1.94,3,4,1.41,0.82,0.2,0,4,0.33568,0.32128,0.32137,0.3085,0.31025,0.30501,0.30995,0.32324,0.30745,0.31964,0.67625,0.23588,0.7552,0.38888,0.23588,0.1224,0.31385,0.1224,0.37593,0.6631
0.16,0.7,0.59,1.94,3,4,1.41,0.82,0.2,0,5,0.34268,0.32448,0.33485,0.3106,0.31324,0.30699,0.31182,0.32471,0.30931,0.32098,0.86015,0.33379,0.78018,0.48667,0.33379,0.2204,0.41131,0.2204,0.47305,0.76019
0.16,0.7,0.59,1.94,3,4,1.41,0.82,0.2,0,6,0.337,0.32518,0.33572,0.31281,0.31547,0.30934,0.314,0.32608,0.31151,0.31934,0.52044,0.3795,0.76548,0.53283,0.3795,0.26578,0.45331,0.26578,0.52005,0.37773
0.16,0.7,0.59,1.94,3,4,1.41,0.82,0.2,1,1,0.33014,0.31966,0.25727,0.3085,0.30898,0.28509,0.30979,0.31534,0.16264,0.31606,0.74945,0.67955,0.52928,1,0.78899,0.93318,0.084744,0.60147,0.8567,1
0.16,0.7,0.59,1.94,3,4,1.41,0.82,0.2,1,2,0.33805,0.32954,0.34471,0.31708,0.32172,0.31295,0.3183,0.33181,0.31606,0.32608,0.89375,0.99855,0.97092,0.99709,0.93534,0.99884,0.99767,0.99884,0.99855,0.99825
0.16,0.7,0.59,1.94,3,4,1.41,0.82,0.2,1,3,0.32585,0.32166,0.33884,0.30932,0.31224,0.30489,0.31183,0.32668,0.30829,0.31829,0.99881,0.99821,1,0.99761,0.9994,0.99791,0.99791,0.9991,0.99851,0.99881
0.16,0.7,0.59,1.94,3,4,1.41,0.82,0.2,1,4,0.33264,0.32182,0.33803,0.30845,0.31159,0.3042,0.3101,0.32687,0.30741,0.31805,0.99825,0.99796,1,0.99651,0.99971,0.99825,0.99709,0.99854,0.99796,0.99796
0.16,0.7,0.59,1.94,3,4,1.41,0.82,0.2,1,5,0.33425,0.32382,0.33951,0.31066,0.31461,0.30645,0.31184,0.32546,0.30947,0.3204,0.90797,0.65613,1,0.9968,0.84959,0.99855,0.99709,0.99855,0.99796,0.99796
0.16,0.7,0.59,1.94,3,4,1.41,0.82,0.2,1,6,0.32543,0.32587,0.34175,0.31288,0.31388,0.30851,0.31415,0.3275,0.31191,0.32386,0.97528,0.99825,1,0.9968,0.97412,0.99855,0.99709,0.99855,0.99796,0.99796
0.12,0.31,0.18,1.57,2,1,2.91,1.56,0.32,0,1,0.27915,0.33654,0.34934,0.32411,0.3426,0.32066,0.32753,0.33553,0.32301,0.289,0.36156,0.014662,0.014562,0.016557,0.01526,0.024038,0.015759,0.023639,0.016357,0.73728
0.12,0.31,0.18,1.57,2,1,2.91,1.56,0.32,0,2,0.34218,0.33944,0.35125,0.32711,0.33621,0.32314,0.33015,0.3413,0.32668,0.34061,0.11043,0.10357,0.10347,0.10543,0.10396,0.11287,0.10464,0.11229,0.10523,0.10837
0.12,0.31,0.18,1.57,2,1,2.91,1.56,0.32,0,3,0.34216,0.3364,0.34885,0.3242,0.33135,0.32042,0.32591,0.33414,0.32285,0.33904,0.034627,0.027562,0.027463,0.029453,0.02806,0.036915,0.028756,0.036517,0.029254,0.032338
0.12,0.31,0.18,1.57,2,1,2.91,1.56,0.32,0,4,0.27909,0.33654,0.34934,0.32411,0.3426,0.32065,0.32753,0.33553,0.32301,0.28861,0.35511,0.0144,0.014303,0.016262,0.014988,0.023609,0.015478,0.023217,0.016066,0.72414
0.12,0.31,0.18,1.57,2,1,2.91,1.56,0.32,0,5,0.33738,0.33696,0.34967,0.3246,0.33708,0.32118,0.32802,0.33594,0.32353,0.33972,0.066823,0.058985,0.058887,0.060847,0.059573,0.068195,0.060063,0.067803,0.060651,0.06359
0.12,0.31,0.18,1.57,2,1,2.91,1.56,0.32,0,6,0.33738,0.33696,0.34967,0.3246,0.33708,0.32118,0.32802,0.33594,0.32353,0.33972,0.066823,0.058985,0.058887,0.060847,0.059573,0.068195,0.060063,0.067803,0.060651,0.06359
0.12,0.31,0.18,1.57,2,1,2.91,1.56,0.32,1,1,0.28436,0.33654,0.35864,0.32411,0.3426,0.32059,0.32755,0.33548,0.32303,0.31581,0.41844,0.9991,0.0074686,0.016531,0.020116,0.018721,0.016929,0.018223,0.99881,0.82145
0.12,0.31,0.18,1.57,2,1,2.91,1.56,0.32,1,2,0.34399,0.33941,0.35364,0.32708,0.33621,0.32304,0.33013,0.338,0.32665,0.34057,1,0.10237,1,1,1,1,1,0.10605,1,1
0.12,0.31,0.18,1.57,2,1,2.91,1.56,0.32,1,3,0.34216,0.3364,0.35427,0.3242,0.33138,0.32035,0.32592,0.33409,0.32287,0.33904,1,1,1,0.9998,0.9997,0.9997,1,1,0.9997,1
0.12,0.31,0.18,1.57,2,1,2.91,1.56,0.32,1,4,0.28424,0.33653,0.35864,0.3241,0.3426,0.32059,0.32754,0.33548,0.32302,0.31561,0.40737,0.99913,0.007271,0.99884,0.99913,0.99884,0.99913,0.99913,0.99884,1
0.12,0.31,0.18,1.57,2,1,2.91,1.56,0.32,1,5,0.33735,0.33695,0.35433,0.3246,0.33711,0.32111,0.32803,0.33589,0.32354,0.33971,1,1,1,1,1,1,0.060644,0.061906,1,1
0.12,0.31,0.18,1.57,2,1,2.91,1.56,0.32,1,6,0.33735,0.33695,0.35433,0.3246,0.33711,0.32111,0.32803,0.33589,0.32354,0.33971,1,1,1,1,1,1,0.060644,0.061906,1,1
0.17,0.62,0.34,1.88,1,2,2.81,1.44,0.23,0,1,0.29078,0.3466,0.35637,0.35295,0.33995,0.35327,0.35243,0.35383,0.35517,0.23401,0.063435,0.014462,0.014462,0.0074806,0.014462,0.0074806,0.0074806,0.052563,0.0074806,0.1135
0.17,0.62,0.34,1.88,1,2,2.81,1.44,0.23,0,2,0.35813,0.34962,0.35896,0.34931,0.34344,0.34619,0.35612,0.35436,0.3482,0.35693,0.32768,0.10335,0.10335,0.13999,0.10335,0.43123,0.05192,0.40067,0.13254,0.26861
0.17,0.62,0.34,1.88,1,2,2.81,1.44,0.23,0,3,0.35519,0.34729,0.35714,0.3481,0.34054,0.34486,0.36136,0.35038,0.34597,0.35462,0.089236,0.027358,0.027358,0.037207,0.027457,0.11003,0.013928,0.10277,0.03462,0.068942
0.17,0.62,0.34,1.88,1,2,2.81,1.44,0.23,0,4,0.29072,0.34659,0.35637,0.35296,0.33995,0.35327,0.35244,0.35383,0.35517,0.23388,0.062304,0.014205,0.014205,0.0073472,0.014205,0.0073472,0.0073472,0.051626,0.0073472,0.11148
0.17,0.62,0.34,1.88,1,2,2.81,1.44,0.23,0,5,0.36299,0.34718,0.35685,0.34615,0.34043,0.34368,0.35404,0.35085,0.34574,0.35427,0.25186,0.058777,0.058777,0.095807,0.058777,0.38764,0.0073472,0.35276,0.087872,0.22492
0.17,0.62,0.34,1.88,1,2,2.81,1.44,0.23,0,6,0.36299,0.34718,0.35685,0.34615,0.34043,0.34368,0.35404,0.35085,0.34574,0.35427,0.25186,0.058777,0.058777,0.095807,0.058777,0.38764,0.0073472,0.35276,0.087872,0.22492
0.17,0.62,0.34,1.88,1,2,2.81,1.44,0.23,1,1,0.33621,0.3466,0.35637,0.22373,0.33895,0.35094,0.35742,0.35375,0.35245,0.35175,0.12049,0.014439,0.9997,0.99821,0.017228,0.0074686,0.0074686,0.034256,0.0074686,0.9997
0.17,0.62,0.34,1.88,1,2,2.81,1.44,0.23,1,2,0.35288,0.34959,0.35893,0.34852,0.34544,0.3425,0.34774,0.35308,0.34599,0.34737,0.22705,0.10228,0.99971,0.99971,0.99971,0.99971,0.20601,0.99971,0.99971,1
0.17,0.62,0.34,1.88,1,2,2.81,1.44,0.23,1,3,0.3532,0.34729,0.35714,0.34808,0.33873,0.34438,0.34554,0.35007,0.34336,0.34449,0.061619,0.027287,1,1,0.032645,0.061818,0.054177,0.065489,0.041278,1
0.17,0.62,0.34,1.88,1,2,2.81,1.44,0.23,1,4,0.33614,0.34659,0.35637,0.22357,0.33894,0.35094,0.35742,0.35375,0.35245,0.35175,0.1173,0.014057,0.99971,0.97179,0.99971,0.99971,0.007271,0.033349,0.99971,0.99971
0.17,0.62,0.34,1.88,1,2,2.81,1.44,0.23,1,5,0.3519,0.34717,0.35685,0.34605,0.33985,0.34139,0.35389,0.35102,0.34343,0.33951,0.82685,0.058168,0.99971,0.99971,0.078526,0.99971,0.007271,0.20339,0.99971,1
0.17,0.62,0.34,1.88,1,2,2.81,1.44,0.23,1,6,0.3519,0.34717,0.35685,0.34605,0.33985,0.34139,0.35389,0.35102,0.34343,0.33951,0.82685,0.058168,0.99971,0.99971,0.078526,0.99971,0.007271,0.20339,0.99971,1
0.13,0.33,0.76,1.91,2,0,1.97,1.5,0.65,0,1,0.1437,0.17298,0.072346,0.046907,0.14677,0.14893,0.083386,0.23204,0.12557,0.19353,0.66959,0.36323,0.99112,0.34208,0.031425,0.58769,0.56205,0.014465,0.050878,0.067737
0.13,0.33,0.76,1.91,2,0,1.97,1.5,0.65,0,2,0.19617,0.11106,0.081769,0.1268,0.20817,0.13021,0.21173,0.23106,0.10789,0.18145,0.89246,0.94618,0.81958,0.83088,0.51738,0.60086,0.70251,0.61952,0.88362,0.93783
0.13,0.33,0.76,1.91,2,0,1.97,1.5,0.65,0,3,0.15715,0.22669,0.1005,0.082726,0.051162,0.1206,0.087244,0.20705,0.049422,0.1454,0.47463,0.027363,0.41313,0.63672,0.91642,0.44507,0.55164,0.74249,0.75184,0.57771
0.13,0.33,0.76,1.91,2,0,1.97,1.5,0.65,0,4,0.1437,0.17298,0.072346,0.046907,0.14677,0.14893,0.083386,0.23204,0.12557,0.19353,0.66959,0.36323,0.99112,0.34208,0.031425,0.58769,0.56205,0.014465,0.050878,0.067737
0.13,0.33,0.76,1.91,2,0,1.97,1.5,0.65,0,5,0.14619,0.17287,0.070603,0.046636,0.14673,0.14877,0.082821,0.23202,0.12552,0.19349,0.88068,0.35815,0.46262,0.3373,0.030986,0.57948,0.5542,0.014263,0.050167,0.066791
0.13,0.33,0.76,1.91,2,0,1.97,1.5,0.65,0,6,0.14426,0.17307,0.07372,0.043812,0.14673,0.14618,0.13371,0.23202,0.12552,0.19348,0.6458,0.66064,0.62458,0.90597,0.030949,0.71291,0.47622,0.014246,0.050108,0.066713
0.13,0.33,0.76,1.91,2,0,1.97,1.5,0.65,1,1,0.23485,0.026359,0.13756,0.15005,0.16117,0.17579,0.11282,0.22859,0.089189,0.16206,0.040729,0.99582,0.26997,0.99582,0.021609,0.097291,0.99582,0.014439,0.20613,0.99582
0.13,0.33,0.76,1.91,2,0,1.97,1.5,0.65,1,2,0.19771,0.12277,0.094215,0.1276,0.20261,0.12993,0.21975,0.23471,0.11243,0.18638,0.96946,0.98313,0.81251,1,0.72942,1,0.96946,0.96946,0.984,1
0.13,0.33,0.76,1.91,2,0,1.97,1.5,0.65,1,3,0.16265,0.22668,0.098524,0.085638,0.086266,0.12529,0.12086,0.21187,0.12824,0.17531,1,0.027279,1,1,0.99197,1,0.99197,0.99197,1,1
0.13,0.33,0.76,1.91,2,0,1.97,1.5,0.65,1,4,0.23485,0.026359,0.13756,0.15005,0.16117,0.17579,0.11282,0.22859,0.089189,0.16206,0.040729,0.99582,0.26997,0.99582,0.021609,0.097291,0.99582,0.014439,0.20613,0.99582
0.13,0.33,0.76,1.91,2,0,1.97,1.5,0.65,1,5,0.23465,0.025652,0.137,0.14984,0.1611,0.17578,0.11202,0.22855,0.088959,0.16131,0.039651,1,0.98691,0.98468,0.021037,0.094716,0.96946,0.014057,0.20068,0.96946
0.13,0.33,0.76,1.91,2,0,1.97,1.5,0.65,1,6,0.23446,0.024408,0.13681,0.14994,0.1611,0.17534,0.11274,0.22855,0.088959,0.16056,1,0.91517,0.99884,1,0.021037,1,1,0.014057,0.20068,1
0.16,0.64,0.54,2,3,4,1.69,1.32,0.73,0,1,0.14831,0.16626,0.15431,0.12017,0.075956,0.097357,0.10669,0.18389,0.099972,0.15679,0.19908,0.34969,0.5785,0.96679,0.97117,0.31508,0.90365,0.98464,0.85308,0.86326
0.16,0.64,0.54,2,3,4,1.69,1.32,0.73,0,2,0.19981,0.1794,0.14362,0.14896,0.13715,0.1457,0.16822,0.18059,0.13568,0.17073,0.67062,0.67062,0.89759,0.67062,0.89739,0.67062,0.89739,0.67062,0.67062,0.8969
0.16,0.64,0.54,2,3,4,1.69,1.32,0.73,0,3,0.19804,0.17627,0.15309,0.14174,0.1468,0.14071,0.19243,0.20018,0.12398,0.19342,0.37582,0.4405,0.24667,0.32706,0.74567,0.85522,0.47373,0.67602,0.83861,0.78776
0.16,0.64,0.54,2,3,4,1.69,1.32,0.73,0,4,0.15304,0.17806,0.15662,0.13908,0.12916,0.10407,0.11416,0.19359,0.11697,0.17807,0.87338,0.37632,0.6224,0.37632,0.93757,0.57409,0.88348,0.60035,0.37632,0.47707
0.16,0.64,0.54,2,3,4,1.69,1.32,0.73,0,5,0.15566,0.18445,0.15895,0.1402,0.13103,0.10586,0.12635,0.19628,0.11828,0.18068,0.73525,0.47451,0.71966,0.47451,0.7378,0.71751,0.86356,0.69918,0.47451,0.60204
0.16,0.64,0.54,2,3,4,1.69,1.32,0.73,0,6,0.1611,0.17826,0.16161,0.13744,0.13196,0.10606,0.13715,0.20637,0.11863,0.18137,0.85962,0.53664,0.77753,0.53664,0.79976,0.85913,0.96581,0.53664,0.53664,0.69975
0.16,0.64,0.54,2,3,4,1.69,1.32,0.73,1,1,0.14727,0.17629,0.15901,0.13507,0.12656,0.099317,0.13305,0.19422,0.11307,0.18928,0.64011,0.9997,0.10357,0.9994,0.4991,0.42024,0.29526,0.49492,0.36258,0.092412
0.16,0.64,0.54,2,3,4,1.69,1.32,0.73,1,2,0.20021,0.17885,0.14445,0.14867,0.14817,0.14539,0.16817,0.1799,0.13522,0.17377,0.99825,0.99622,0.99651,0.99418,0.9968,0.99534,0.99418,0.66379,0.99593,0.88825
0.16,0.64,0.54,2,3,4,1.69,1.32,0.73,1,3,0.19862,0.17581,0.15439,0.14103,0.15125,0.14056,0.1934,0.20006,0.12396,0.19341,0.20236,1,1,0.9997,1,0.9997,1,0.94465,0.9997,0.17588
0.16,0.64,0.54,2,3,4,1.69,1.32,0.73,1,4,0.1508,0.17895,0.15834,0.13759,0.13032,0.10144,0.13511,0.1966,0.11448,0.19003,0.97489,0.9962,0.99796,0.99212,0.9965,0.57023,0.3738,0.99796,0.3738,0.24978
0.16,0.64,0.54,2,3,4,1.69,1.32,0.73,1,5,0.15651,0.18014,0.16037,0.13903,0.1327,0.10351,0.13552,0.19615,0.11584,0.18911,1,0.99418,0.99592,0.46973,0.99476,0.72734,0.99069,0.99563,0.9933,0.59713
0.16,0.64,0.54,2,3,4,1.69,1.32,0.73,1,6,0.076645,0.17994,0.16241,0.13772,0.13343,0.092325,0.13654,0.19256,0.11692,0.2039,0.43139,0.53309,0.99942,0.99504,0.99854,0.3987,0.53309,0.99912,0.99708,1
0.11,0.55,0.46,1.51,2,2,1.51,1,0.46,0,1,0.29279,0.26943,0.27752,0.23719,0.24942,0.24353,0.24391,0.2715,0.22766,0.16698,0.14897,0.029934,0.20006,0.81002,0.22391,0.077629,0.93454,0.080323,0.043305,0.58801
0.11,0.55,0.46,1.51,2,2,1.51,1,0.46,0,2,0.28902,0.27908,0.27606,0.26158,0.25847,0.25271,0.25881,0.28103,0.24289,0.29007,0.39757,0.21672,0.21672,0.27906,0.21672,0.56146,0.21672,0.58538,0.45275,0.33209
0.11,0.55,0.46,1.51,2,2,1.51,1,0.46,0,3,0.27401,0.26997,0.27325,0.24867,0.25186,0.24157,0.24997,0.27015,0.23534,0.26308,0.79761,0.38577,0.40189,0.073532,0.47393,0.14527,0.32348,0.15463,0.4007,0.57493
0.11,0.55,0.46,1.51,2,2,1.51,1,0.46,0,4,0.29276,0.26923,0.27861,0.25399,0.24952,0.24351,0.24627,0.27148,0.22763,0.17421,0.14643,0.029423,0.029423,0.021087,0.029423,0.076304,0.029423,0.078953,0.042566,0.26216
0.11,0.55,0.46,1.51,2,2,1.51,1,0.46,0,5,0.3022,0.27054,0.28053,0.25017,0.25214,0.24299,0.24776,0.27141,0.24528,0.27578,0.22829,0.12752,0.12752,0.18957,0.12752,0.47451,0.12752,0.49088,0.19222,0.25613
0.11,0.55,0.46,1.51,2,2,1.51,1,0.46,0,6,0.3022,0.27054,0.28053,0.25017,0.25214,0.24299,0.24776,0.27141,0.24528,0.27578,0.22829,0.12752,0.12752,0.18957,0.12752,0.47451,0.12752,0.49088,0.19222,0.25613
0.11,0.55,0.46,1.51,2,2,1.51,1,0.46,1,1,0.29188,0.26918,0.28107,0.23756,0.24696,0.23562,0.24523,0.26606,0.23673,0.26749,0.059849,0.029875,0.029875,0.044115,0.032862,0.93836,0.99582,0.99642,0.99094,0.087831
0.11,0.55,0.46,1.51,2,2,1.51,1,0.46,1,2,0.27912,0.27897,0.27707,0.2521,0.25852,0.24889,0.2585,0.27851,0.25117,0.27853,0.99884,0.99796,0.99825,0.99884,0.24209,0.35853,0.29556,1,0.99796,0.99825
0.11,0.55,0.46,1.51,2,2,1.51,1,0.46,1,3,0.27561,0.27231,0.27479,0.24908,0.25121,0.23886,0.25131,0.27042,0.23997,0.27447,0.9997,0.9997,1,0.9991,0.9997,0.99881,0.078424,0.9997,0.9991,0.9997
0.11,0.55,0.46,1.51,2,2,1.51,1,0.46,1,4,0.29185,0.26916,0.28103,0.23752,0.24693,0.23584,0.24521,0.26603,0.23673,0.26746,0.99913,0.02916,0.99942,0.99942,0.032076,0.99825,0.041116,0.99913,0.99825,1
0.11,0.55,0.46,1.51,2,2,1.51,1,0.46,1,5,0.29395,0.2705,0.28295,0.24878,0.24898,0.23858,0.2469,0.26974,0.24252,0.274,1,0.99883,0.99971,0.99854,0.99913,0.99883,0.21067,0.99971,0.99913,0.99942
0.11,0.55,0.46,1.51,2,2,1.51,1,0.46,1,6,0.29395,0.2705,0.28295,0.24878,0.24898,0.23858,0.2469,0.26974,0.24252,0.274,1,0.99883,0.99971,0.99854,0.99913,0.99883,0.21067,0.99971,0.99913,0.99942
0.01,0.83,0.51,1.81,1,2,0.94,1.07,0.01,0,1,0.39556,0.39536,0.39562,0.39501,0.39531,0.39495,0.39508,0.39532,0.39499,0.39525,0.0074791,0.0074791,0.0074791,0.0074791,0.0074791,0.0074791,0.0074791,0.0074791,0.0074791,0.0074791
0.01,0.83,0.51,1.81,1,2,0.94,1.07,0.01,0,2,0.39563,0.39544,0.39569,0.3951,0.3954,0.39505,0.39518,0.3954,0.39509,0.39534,0.05191,0.05191,0.05191,0.05191,0.05191,0.05191,0.05191,0.05191,0.05191,0.05191
0.01,0.83,0.51,1.81,1,2,0.94,1.07,0.01,0,3,0.39557,0.39537,0.39564,0.39502,0.39533,0.39496,0.3951,0.39533,0.395,0.39526,0.013925,0.013925,0.013925,0.013925,0.013925,0.013925,0.013925,0.013925,0.013925,0.013925
0.01,0.83,0.51,1.81,1,2,0.94,1.07,0.01,0,4,0.39563,0.39544,0.39569,0.3951,0.3954,0.39505,0.39518,0.3954,0.39509,0.39534,0.05191,0.05191,0.05191,0.05191,0.05191,0.05191,0.05191,0.05191,0.05191,0.05191
0.01,0.83,0.51,1.81,1,2,0.94,1.07,0.01,0,5,0.39563,0.39544,0.39569,0.3951,0.3954,0.39505,0.39518,0.3954,0.39509,0.39534,0.05191,0.05191,0.05191,0.05191,0.05191,0.05191,0.05191,0.05191,0.05191,0.05191
0.01,0.83,0.51,1.81,1,2,0.94,1.07,0.01,0,6,0.39563,0.39544,0.39569,0.3951,0.3954,0.39505,0.39518,0.3954,0.39509,0.39534,0.05191,0.05191,0.05191,0.05191,0.05191,0.05191,0.05191,0.05191,0.05191,0.05191
0.01,0.83,0.51,1.81,1,2,0.94,1.07,0.01,1,1,0.39556,0.39536,0.39562,0.39501,0.39531,0.39495,0.39508,0.39532,0.39499,0.39525,0.0074686,0.0074686,0.0074686,0.0074686,0.0074686,0.0074686,0.0074686,0.0074686,0.0074686,0.0074686
0.01,0.83,0.51,1.81,1,2,0.94,1.07,0.01,1,2,0.39563,0.39545,0.3957,0.39511,0.3954,0.39505,0.39518,0.3954,0.39509,0.39534,0.051381,0.051381,1,0.051381,0.051381,0.051381,0.051381,0.051381,0.051381,1
0.01,0.83,0.51,1.81,1,2,0.94,1.07,0.01,1,3,0.39557,0.39538,0.39564,0.39502,0.39533,0.39497,0.3951,0.39533,0.39501,0.39526,0.013888,0.013888,1,0.013888,0.013888,0.013888,0.013888,0.013888,0.013888,1
0.01,0.83,0.51,1.81,1,2,0.94,1.07,0.01,1,4,0.39563,0.39545,0.3957,0.39511,0.3954,0.39505,0.39518,0.3954,0.39509,0.39534,0.051381,0.051381,1,0.051381,0.051381,0.051381,0.051381,0.051381,0.051381,1
0.01,0.83,0.51,1.81,1,2,0.94,1.07,0.01,1,5,0.39563,0.39545,0.3957,0.39511,0.3954,0.39505,0.39518,0.3954,0.39509,0.39534,0.051381,0.051381,1,0.051381,0.051381,0.051381,0.051381,0.051381,0.051381,1
0.01,0.83,0.51,1.81,1,2,0.94,1.07,0.01,1,6,0.39563,0.39545,0.3957,0.39511,0.3954,0.39505,0.39518,0.3954,0.39509,0.39534,0.051381,0.051381,1,0.051381,0.051381,0.051381,0.051381,0.051381,0.051381,1
0.03,0.2,0.79,1.63,2,3,0.76,1.38,0.09,0,1,0.3688,0.3607,0.18292,0.28044,0.33694,0.37601,0.32628,0.27896,0.24097,0.2775,0.22312,0.098245,0.95093,0.65679,0.075903,0.016956,0.97945,0.94195,0.94694,0.93746
0.03,0.2,0.79,1.63,2,3,0.76,1.38,0.09,0,2,0.38241,0.36347,0.35096,0.36083,0.3584,0.36677,0.36448,0.37156,0.36278,0.36002,0.10304,0.79137,0.77157,0.545,0.77775,0.52569,0.58225,0.45725,0.18549,0.93098
0.03,0.2,0.79,1.63,2,3,0.76,1.38,0.09,0,3,0.38285,0.36184,0.22562,0.359,0.35798,0.36368,0.35956,0.3401,0.31911,0.36834,0.49303,0.55274,0.93343,0.43841,0.091542,0.5399,0.5196,0.94756,0.79781,0.31592
0.03,0.2,0.79,1.63,2,3,0.76,1.38,0.09,0,4,0.36876,0.36045,0.19499,0.28249,0.33603,0.37599,0.37669,0.27652,0.356,0.27652,0.21957,0.49156,0.38486,0.42746,0.074696,0.016686,0.014232,0.92697,0.025618,0.92256
0.03,0.2,0.79,1.63,2,3,0.76,1.38,0.09,0,5,0.38241,0.36347,0.24879,0.36083,0.3584,0.36677,0.36448,0.37156,0.36278,0.36002,0.10304,0.79137,0.95343,0.545,0.77775,0.52569,0.58225,0.45725,0.18549,0.93098
0.03,0.2,0.79,1.63,2,3,0.76,1.38,0.09,0,6,0.38241,0.36347,0.28456,0.36083,0.3584,0.36677,0.36448,0.37156,0.36278,0.36002,0.10304,0.79137,0.90098,0.545,0.77775,0.52569,0.58225,0.45725,0.18549,0.93098
0.03,0.2,0.79,1.63,2,3,0.76,1.38,0.09,1,1,0.36304,0.3529,0.06072,0.34075,0.34969,0.2705,0.36255,0.32047,0.3557,0.35891,0.9994,0.99642,0.87672,0.31916,0.39245,0.63832,0.98805,0.64997,0.95997,0.34356
0.03,0.2,0.79,1.63,2,3,0.76,1.38,0.09,1,2,0.37763,0.36242,0.37135,0.35569,0.35892,0.36792,0.37672,0.3747,0.3602,0.36335,0.99767,0.99825,0.97613,0.49922,1,0.9183,0.9968,0.97351,0.9968,0.99554
0.03,0.2,0.79,1.63,2,3,0.76,1.38,0.09,1,3,0.36511,0.35121,0.36586,0.34399,0.34948,0.36289,0.36799,0.36144,0.3544,0.35566,0.99881,0.99851,1,0.99821,0.99911,0.99881,0.67593,0.91596,0.99851,0.99851
0.03,0.2,0.79,1.63,2,3,0.76,1.38,0.09,1,4,0.36539,0.35801,0.05943,0.34584,0.35093,0.27301,0.36733,0.32106,0.36291,0.36345,0.99385,0.99297,0.99736,0.99238,0.99424,0.99883,0.99326,1,0.99355,0.030185
0.03,0.2,0.79,1.63,2,3,0.76,1.38,0.09,1,5,0.37763,0.36242,0.37135,0.35569,0.35892,0.36792,0.37672,0.3747,0.3602,0.36335,0.99767,0.99825,0.97613,0.49922,1,0.9183,0.9968,0.97351,0.9968,0.99554
0.03,0.2,0.79,1.63,2,3,0.76,1.38,0.09,1,6,0.37763,0.36242,0.37135,0.35569,0.35892,0.36792,0.37672,0.3747,0.3602,0.36335,0.99767,0.99825,0.97613,0.49922,1,0.9183,0.9968,0.97351,0.9968,0.99554
0.03,0.59,0.09,1.85,4,2,0.85,1.94,0.62,0,1,0.29661,0.29999,0.3157,0.2842,0.30654,0.27634,0.2916,0.30586,0.2754,0.30343,0.3133,0.20744,0.20744,0.20744,0.20744,0.21602,0.20744,0.21602,0.20744,0.20744
0.03,0.59,0.09,1.85,4,2,0.85,1.94,0.62,0,2,0.30818,0.28894,0.28958,0.27613,0.28534,0.26879,0.27907,0.29333,0.27443,0.28703,0.19824,0.19805,0.19805,0.19805,0.19805,0.19917,0.19805,0.19917,0.19805,0.19805
0.03,0.59,0.09,1.85,4,2,0.85,1.94,0.62,0,3,0.3038,0.29887,0.3118,0.28211,0.28492,0.27458,0.28395,0.2985,0.27241,0.30006,0.20606,0.2031,0.2031,0.2031,0.2031,0.20753,0.2031,0.20753,0.2031,0.2031
0.03,0.59,0.09,1.85,4,2,0.85,1.94,0.62,0,4,0.28933,0.29522,0.31224,0.2777,0.30236,0.26888,0.28585,0.30168,0.26792,0.29908,0.04843,0.032065,0.032065,0.032065,0.032065,0.033392,0.032065,0.033392,0.032065,0.032065
0.03,0.59,0.09,1.85,4,2,0.85,1.94,0.62,0,5,0.30251,0.2957,0.313,0.27821,0.30197,0.26943,0.28642,0.30217,0.26848,0.29951,0.10665,0.10508,0.10508,0.10508,0.10508,0.10613,0.10508,0.10613,0.10508,0.10508
0.03,0.59,0.09,1.85,4,2,0.85,1.94,0.62,0,6,0.30251,0.2957,0.313,0.27821,0.30197,0.26943,0.28642,0.30217,0.26848,0.29951,0.10665,0.10508,0.10508,0.10508,0.10508,0.10613,0.10508,0.10613,0.10508,0.10508
0.03,0.59,0.09,1.85,4,2,0.85,1.94,0.62,1,1,0.29717,0.29474,0.31189,0.27704,0.30194,0.26812,0.28527,0.30126,0.26717,0.29864,0.014738,0.014439,0.99582,0.99582,0.014439,0.99582,0.99582,0.99582,0.99582,0.99582
0.03,0.59,0.09,1.85,4,2,0.85,1.94,0.62,1,2,0.30202,0.28313,0.28343,0.26956,0.27925,0.26175,0.27264,0.28776,0.2677,0.2811,1,0.96946,1,0.96946,0.96946,0.96946,0.96946,0.96946,0.96946,1
0.03,0.59,0.09,1.85,4,2,0.85,1.94,0.62,1,3,0.29213,0.29133,0.30527,0.27278,0.2759,0.26435,0.27481,0.29094,0.26202,0.2927,0.99197,0.99197,1,1,0.99197,0.99197,0.99197,0.99197,0.99197,1
0.03,0.59,0.09,1.85,4,2,0.85,1.94,0.62,1,4,0.29715,0.29471,0.31186,0.27702,0.30191,0.26807,0.28525,0.30123,0.26714,0.29861,0.96946,0.96946,1,1,0.96946,0.96946,0.96946,0.96946,0.96946,1
0.03,0.59,0.09,1.85,4,2,0.85,1.94,0.62,1,5,0.29746,0.29509,0.31236,0.27743,0.3024,0.26854,0.2857,0.3016,0.26762,0.29893,0.96946,0.96946,1,1,0.96946,0.96946,0.96946,0.96946,0.96946,1
0.03,0.59,0.09,1.85,4,2,0.85,1.94,0.62,1,6,0.29746,0.29509,0.31236,0.27743,0.3024,0.26854,0.2857,0.3016,0.26762,0.29893,0.96946,0.96946,1,1,0.96946,0.96946,0.96946,0.96946,0.96946,1
0.09,0.29,0.01,1.6,0,3,0.57,1.88,0.51,0,1,0.3296,0.31405,0.33147,0.29747,0.30099,0.29266,0.29692,0.31012,0.2922,0.31156,0.0074791,0.0074791,0.0074791,0.0074791,0.0074791,0.0074791,0.0074791,0.0074791,0.0074791,0.0074791
0.09,0.29,0.01,1.6,0,3,0.57,1.88,0.51,0,2,0.31794,0.32288,0.34027,0.30507,0.30797,0.29826,0.30854,0.31827,0.30311,0.31989,0.05191,0.05191,0.05191,0.05191,0.05191,0.05191,0.05191,0.05191,0.05191,0.05191
0.09,0.29,0.01,1.6,0,3,0.57,1.88,0.51,0,3,0.31285,0.31654,0.33164,0.3006,0.30295,0.29478,0.30233,0.31363,0.29434,0.31436,0.013925,0.013925,0.013925,0.013925,0.013925,0.013925,0.013925,0.013925,0.013925,0.013925
0.09,0.29,0.01,1.6,0,3,0.57,1.88,0.51,0,4,0.3296,0.31405,0.33146,0.29746,0.30098,0.29265,0.29692,0.31012,0.29219,0.31156,0.0073457,0.0073457,0.0073457,0.0073457,0.0073457,0.0073457,0.0073457,0.0073457,0.0073457,0.0073457
0.09,0.29,0.01,1.6,0,3,0.57,1.88,0.51,0,5,0.3296,0.31405,0.33146,0.29746,0.30098,0.29265,0.29692,0.31012,0.29219,0.31156,0.0073457,0.0073457,0.0073457,0.0073457,0.0073457,0.0073457,0.0073457,0.0073457,0.0073457,0.0073457
0.09,0.29,0.01,1.6,0,3,0.57,1.88,0.51,0,6,0.3296,0.31405,0.33146,0.29746,0.30098,0.29265,0.29692,0.31012,0.29219,0.31156,0.0073457,0.0073457,0.0073457,0.0073457,0.0073457,0.0073457,0.0073457,0.0073457,0.0073457,0.0073457
0.09,0.29,0.01,1.6,0,3,0.57,1.88,0.51,1,1,0.3296,0.31405,0.33147,0.29747,0.30099,0.29266,0.29692,0.31012,0.2922,0.31156,1,0.0074686,1,1,0.0074686,0.0074686,0.0074686,0.0074686,0.0074686,0.0074686
0.09,0.29,0.01,1.6,0,3,0.57,1.88,0.51,1,2,0.3179,0.32284,0.34024,0.30502,0.30793,0.29821,0.30849,0.31823,0.30306,0.31985,0.051381,0.051381,1,1,0.051381,0.051381,0.051381,0.051381,0.051381,1
0.09,0.29,0.01,1.6,0,3,0.57,1.88,0.51,1,3,0.31285,0.31654,0.33164,0.3006,0.30295,0.29478,0.30233,0.31363,0.29434,0.31436,0.013888,0.013888,1,1,0.013888,0.013888,0.013888,0.013888,0.013888,1
0.09,0.29,0.01,1.6,0,3,0.57,1.88,0.51,1,4,0.3296,0.31404,0.33146,0.29746,0.30098,0.29265,0.29691,0.31012,0.29219,0.31156,1,0.007271,1,1,0.007271,0.007271,0.007271,0.007271,0.007271,1
0.09,0.29,0.01,1.6,0,3,0.57,1.88,0.51,1,5,0.3296,0.31404,0.33146,0.29746,0.30098,0.29265,0.29691,0.31012,0.29219,0.31156,1,0.007271,1,1,0.007271,0.007271,0.007271,0.007271,0.007271,1
0.09,0.29,0.01,1.6,0,3,0.57,1.88,0.51,1,6,0.3296,0.31404,0.33146,0.29746,0.30098,0.29265,0.29691,0.31012,0.29219,0.31156,1,0.007271,1,1,0.007271,0.007271,0.007271,0.007271,0.007271,1
0.02,0.88,0.48,1.78,1,1,1.79,0.88,0.84,0,1,0.099978,0.15709,0.22173,0.04719,0.30852,0.20118,0.29543,0.18777,0.12633,0.078735,0.46659,0.39896,0.24057,0.98235,0.11929,0.46908,0.34869,0.56513,0.7707,0.74596
0.02,0.88,0.48,1.78,1,1,1.79,0.88,0.84,0,2,0.2581,0.22041,0.24849,0.24793,0.21137,0.24066,0.23778,0.29292,0.20267,0.24394,0.40159,0.60518,0.20633,0.79916,0.28641,0.15487,0.28161,0.20712,0.5939,0.76514
0.02,0.88,0.48,1.78,1,1,1.79,0.88,0.84,0,3,0.17205,0.13373,0.14571,0.12728,0.1581,0.13308,0.17281,0.24529,0.12686,0.16252,0.37271,0.563,0.31957,0.80215,0.17625,0.51035,0.054837,0.43272,0.45482,0.85888
0.02,0.88,0.48,1.78,1,1,1.79,0.88,0.84,0,4,0.098809,0.1568,0.22161,0.046103,0.30846,0.2009,0.29541,0.18619,0.12604,0.077205,0.45836,0.39193,0.23633,0.96502,0.11719,0.46081,0.34254,0.55516,0.7571,0.7328
0.02,0.88,0.48,1.78,1,1,1.79,0.88,0.84,0,5,0.28184,0.1838,0.24143,0.077974,0.31995,0.22789,0.3004,0.3189,0.13088,0.16182,0.021258,0.79095,0.20308,0.35472,0.34796,0.028311,0.074843,0.014205,0.095513,0.9662
0.02,0.88,0.48,1.78,1,1,1.79,0.88,0.84,0,6,0.28184,0.1857,0.24143,0.077974,0.31995,0.22789,0.3004,0.3189,0.13088,0.1682,0.021258,0.74961,0.20308,0.35472,0.34796,0.028311,0.074843,0.014205,0.095513,0.61981
0.02,0.88,0.48,1.78,1,1,1.79,0.88,0.84,1,1,0.0574,0.22562,0.21752,0.15957,0.30503,0.21205,0.26991,0.23865,0.015093,0.26424,0.95638,0.9997,0.39265,0.9997,0.62527,0.014439,1,0.7861,0.99791,0.21888
0.02,0.88,0.48,1.78,1,1,1.79,0.88,0.84,1,2,0.25861,0.22112,0.26842,0.25913,0.22004,0.24035,0.20655,0.30385,0.2055,0.24506,1,0.98022,0.15317,0.77799,0.98488,0.97179,1,0.98429,0.98488,0.20359
0.02,0.88,0.48,1.78,1,1,1.79,0.88,0.84,1,3,0.20757,0.1796,0.17734,0.14251,0.15954,0.15346,0.17354,0.24734,0.13807,0.18183,1,1,0.9994,0.9997,1,0.99911,0.99911,0.58117,0.99911,1
0.02,0.88,0.48,1.78,1,1,1.79,0.88,0.84,1,4,0.0574,0.22562,0.21752,0.15957,0.30503,0.21205,0.26991,0.23865,0.015093,0.26424,0.95638,0.9997,0.39265,0.9997,0.62527,0.014439,1,0.7861,0.99791,0.21888
0.02,0.88,0.48,1.78,1,1,1.79,0.88,0.84,1,5,0.055422,0.24798,0.24649,0.18236,0.33457,0.21201,0.30317,0.25512,0.01889,0.27869,0.93134,0.97789,0.97294,0.97324,0.98545,0.014061,1,0.98865,0.984,0.020849
0.02,0.88,0.48,1.78,1,1,1.79,0.88,0.84,1,6,0.071437,0.24798,0.24649,0.18236,0.33457,0.21201,0.30317,0.25512,0.01889,0.27869,0.98138,0.97789,0.97294,0.97324,0.98545,0.014061,1,0.98865,0.984,0.020849
0.02,0.24,0.62,1.72,2,3,2.53,0.26,0.87,0,1,0.20759,0.12004,0.078517,0.10038,0.12488,0.12735,0.10077,0.14319,0.057385,0.12374,0.54797,0.79029,0.54099,0.22427,0.60939,0.086757,0.065118,0.97786,0.93957,0.72337
0.02,0.24,0.62,1.72,2,3,2.53,0.26,0.87,0,2,0.20807,0.26867,0.22331,0.24782,0.23258,0.22579,0.20496,0.32191,0.22358,0.28178,0.63914,0.3915,0.9074,0.82679,0.72722,0.70405,0.59161,0.052042,0.4891,0.38217
0.02,0.24,0.62,1.72,2,3,2.53,0.26,0.87,0,3,0.15406,0.12476,0.11148,0.099998,0.099852,0.11531,0.096585,0.21272,0.13189,0.17318,0.19087,0.90879,0.12493,0.28785,0.72747,0.12443,0.93237,0.081062,0.19664,0.96847
0.02,0.24,0.62,1.72,2,3,2.53,0.26,0.87,0,4,0.20675,0.16066,0.079592,0.10739,0.12884,0.1256,0.098325,0.19057,0.085391,0.17107,0.51795,0.61399,0.33539,0.1444,0.1444,0.31077,0.38719,0.11144,0.53208,0.96155
0.02,0.24,0.62,1.72,2,3,2.53,0.26,0.87,0,5,0.20699,0.16793,0.088304,0.10519,0.13542,0.12067,0.098838,0.20828,0.084851,0.18463,0.25147,0.84013,0.75647,0.25147,0.25147,0.58464,0.47528,0.40075,0.63358,0.89565
0.02,0.24,0.62,1.72,2,3,2.53,0.26,0.87,0,6,0.22208,0.17673,0.076578,0.099599,0.14364,0.13154,0.094467,0.2247,0.10501,0.19358,0.59259,0.63855,0.49755,0.40819,0.30619,0.47766,0.52508,0.95121,0.36145,0.61523
0.02,0.24,0.62,1.72,2,3,2.53,0.26,0.87,1,1,0.17879,0.14774,0.098716,0.085611,0.063191,0.11727,0.13146,0.15975,0.06776,0.14635,0.18642,0.18373,0.16331,1,0.99701,0.97919,0.10556,0.089823,0.82822,0.99851
0.02,0.24,0.62,1.72,2,3,2.53,0.26,0.87,1,2,0.20493,0.26588,0.23503,0.24522,0.23543,0.22604,0.20778,0.31713,0.22729,0.27852,0.98225,0.9869,0.98981,0.37753,0.99185,0.98399,0.74663,0.48957,0.98923,0.99243
0.02,0.24,0.62,1.72,2,3,2.53,0.26,0.87,1,3,0.15651,0.12201,0.11284,0.10217,0.10106,0.11529,0.097743,0.2041,0.13,0.17189,0.35217,0.99821,0.99851,0.23696,0.99851,0.99791,0.99672,1,0.99821,0.9997
0.02,0.24,0.62,1.72,2,3,2.53,0.26,0.87,1,4,0.1845,0.1538,0.10167,0.088166,0.066996,0.11962,0.13297,0.15858,0.070951,0.14933,0.050926,0.97148,1,0.97643,0.97614,1,0.99825,0.98458,0.99825,0.08284
0.02,0.24,0.62,1.72,2,3,2.53,0.26,0.87,1,5,0.18541,0.1493,0.10752,0.086859,0.068331,0.12669,0.14256,0.15805,0.07798,0.14972,0.97499,0.97412,0.085313,0.64159,0.98051,1,0.99855,0.98837,0.68648,0.98924
0.02,0.24,0.62,1.72,2,3,2.53,0.26,0.87,1,6,0.1758,0.16281,0.10555,0.094626,0.096455,0.1315,0.13791,0.18492,0.087639,0.16041,0.97671,0.97729,0.12954,0.79235,0.97642,0.20105,0.99942,0.98923,1,0.98777
0.07,0.57,0.04,1.75,4,1,1.88,0.2,0.12,0,1,0.35842,0.35726,0.35889,0.35528,0.35652,0.35487,0.35553,0.35695,0.35516,0.35668,0.52817,0.52817,0.52817,0.52817,0.52817,0.52817,0.52817,0.52817,0.52817,0.52817
0.07,0.57,0.04,1.75,4,1,1.88,0.2,0.12,0,2,0.38297,0.38342,0.38515,0.38135,0.38207,0.38083,0.38192,0.38266,0.38121,0.38283,0.5038,0.5038,0.5038,0.5038,0.5038,0.5038,0.5038,0.5038,0.5038,0.5038
0.07,0.57,0.04,1.75,4,1,1.88,0.2,0.12,0,3,0.37202,0.37174,0.37343,0.3697,0.37054,0.36928,0.3702,0.37131,0.36957,0.37116,0.51471,0.51471,0.51471,0.51471,0.51471,0.51471,0.51471,0.51471,0.51471,0.51471
0.07,0.57,0.04,1.75,4,1,1.88,0.2,0.12,0,4,0.37485,0.3727,0.37573,0.36905,0.37133,0.36828,0.36949,0.37213,0.36881,0.37164,0.12563,0.12563,0.12563,0.12563,0.12563,0.12563,0.12563,0.12563,0.12563,0.12563
0.07,0.57,0.04,1.75,4,1,1.88,0.2,0.12,0,5,0.37485,0.3727,0.37573,0.36905,0.37133,0.36828,0.36949,0.37213,0.36881,0.37164,0.12563,0.12563,0.12563,0.12563,0.12563,0.12563,0.12563,0.12563,0.12563,0.12563
0.07,0.57,0.04,1.75,4,1,1.88,0.2,0.12,0,6,0.38297,0.38342,0.38515,0.38135,0.38207,0.38083,0.38192,0.38266,0.38121,0.38283,0.5038,0.5038,0.5038,0.5038,0.5038,0.5038,0.5038,0.5038,0.5038,0.5038
0.07,0.57,0.04,1.75,4,1,1.88,0.2,0.12,1,1,0.37967,0.37723,0.38067,0.37308,0.37567,0.37221,0.37359,0.37658,0.37282,0.37603,0.0074686,0.99582,0.0074686,0.99582,0.99582,0.99582,0.99582,0.99582,0.99582,0.99582
0.07,0.57,0.04,1.75,4,1,1.88,0.2,0.12,1,2,0.37728,0.37813,0.38146,0.37416,0.37554,0.37317,0.37526,0.37668,0.3739,0.37701,0.96946,0.96946,0.96946,0.96946,0.96946,0.96946,0.96946,0.96946,0.96946,0.96946
0.07,0.57,0.04,1.75,4,1,1.88,0.2,0.12,1,3,0.37801,0.37742,0.38088,0.37329,0.37499,0.37242,0.37431,0.37656,0.37302,0.37625,0.99197,0.99197,0.99197,0.99197,0.99197,0.99197,0.99197,0.99197,0.99197,0.99197
0.07,0.57,0.04,1.75,4,1,1.88,0.2,0.12,1,4,0.37967,0.37721,0.38067,0.37306,0.37566,0.37219,0.37357,0.37657,0.3728,0.37601,0.96946,0.96946,0.96946,0.96946,0.96946,0.96946,0.96946,0.96946,0.96946,0.96946
0.07,0.57,0.04,1.75,4,1,1.88,0.2,0.12,1,5,0.37967,0.37721,0.38067,0.37306,0.37566,0.37219,0.37357,0.37657,0.3728,0.37601,0.96946,0.96946,0.96946,0.96946,0.96946,0.96946,0.96946,0.96946,0.96946,0.96946
0.07,0.57,0.04,1.75,4,1,1.88,0.2,0.12,1,6,0.37728,0.37813,0.38146,0.37416,0.37554,0.37317,0.37526,0.37668,0.3739,0.37701,0.96946,0.96946,0.96946,0.96946,0.96946,0.96946,0.96946,0.96946,0.96946,0.96946
0.1,0.42,0.07,1.66,0,3,2.35,0.01,0.43,0,1,0.33957,0.32672,0.34105,0.31281,0.31627,0.30858,0.31249,0.32333,0.30934,0.32395,0.0074791,0.0074791,0.0074791,0.0074791,0.0074791,0.0074791,0.0074791,0.0074791,0.0074791,0.0074791
0.1,0.42,0.07,1.66,0,3,2.35,0.01,0.43,0,2,0.32797,0.33278,0.34632,0.31833,0.32215,0.31226,0.32158,0.32923,0.31534,0.33084,0.05191,0.05191,0.05191,0.05191,0.05191,0.05191,0.05191,0.05191,0.05191,0.05191
0.1,0.42,0.07,1.66,0,3,2.35,0.01,0.43,0,3,0.32529,0.3286,0.34209,0.31468,0.31693,0.30992,0.31639,0.32548,0.31104,0.32593,0.013925,0.013925,0.013925,0.013925,0.013925,0.013925,0.013925,0.013925,0.013925,0.013925
0.1,0.42,0.07,1.66,0,3,2.35,0.01,0.43,0,4,0.33957,0.32672,0.34105,0.3128,0.31627,0.30858,0.31249,0.32333,0.30933,0.32394,0.0073457,0.0073457,0.0073457,0.0073457,0.0073457,0.0073457,0.0073457,0.0073457,0.0073457,0.0073457
0.1,0.42,0.07,1.66,0,3,2.35,0.01,0.43,0,5,0.33957,0.32672,0.34105,0.3128,0.31627,0.30858,0.31249,0.32333,0.30933,0.32394,0.0073457,0.0073457,0.0073457,0.0073457,0.0073457,0.0073457,0.0073457,0.0073457,0.0073457,0.0073457
0.1,0.42,0.07,1.66,0,3,2.35,0.01,0.43,0,6,0.33957,0.32672,0.34105,0.3128,0.31627,0.30858,0.31249,0.32333,0.30933,0.32394,0.0073457,0.0073457,0.0073457,0.0073457,0.0073457,0.0073457,0.0073457,0.0073457,0.0073457,0.0073457
0.1,0.42,0.07,1.66,0,3,2.35,0.01,0.43,1,1,0.33957,0.32672,0.34105,0.31281,0.31627,0.30858,0.31249,0.32333,0.30934,0.32395,0.0074686,0.0074686,0.0074686,1,0.0074686,0.0074686,0.0074686,0.0074686,0.0074686,1
0.1,0.42,0.07,1.66,0,3,2.35,0.01,0.43,1,2,0.32793,0.33275,0.34629,0.31829,0.32212,0.31221,0.32154,0.32919,0.3153,0.33081,0.051381,0.051381,1,1,0.051381,0.051381,0.051381,0.051381,0.051381,1
0.1,0.42,0.07,1.66,0,3,2.35,0.01,0.43,1,3,0.32528,0.3286,0.34209,0.31467,0.31693,0.30992,0.31638,0.32548,0.31104,0.32593,0.013888,0.013888,1,1,0.013888,0.013888,0.013888,0.013888,0.013888,1
0.1,0.42,0.07,1.66,0,3,2.35,0.01,0.43,1,4,0.33957,0.32672,0.34105,0.3128,0.31627,0.30858,0.31249,0.32332,0.30933,0.32394,0.007271,0.007271,1,1,0.007271,0.007271,0.007271,0.007271,0.007271,1
0.1,0.42,0.07,1.66,0,3,2.35,0.01,0.43,1,5,0.33957,0.32672,0.34105,0.3128,0.31627,0.30858,0.31249,0.32332,0.30933,0.32394,0.007271,0.007271,1,1,0.007271,0.007271,0.007271,0.007271,0.007271,1
0.1,0.42,0.07,1.66,0,3,2.35,0.01,0.43,1,6,0.33957,0.32672,0.34105,0.3128,0.31627,0.30858,0.31249,0.32332,0.30933,0.32394,0.007271,0.007271,1,1,0.007271,0.007271,0.007271,0.007271,0.007271,1
0.08,0.72,0.71,1.47,1,3,3,1.63,0.37,0,1,0.050522,0.27328,0.17932,0.1422,0.2113,0.16582,0.17227,0.26879,0.17332,0.10569,0.56265,0.099062,0.80128,0.98693,0.057362,0.82831,0.89336,0.067937,0.94743,0.9185
0.08,0.72,0.71,1.47,1,3,3,1.63,0.37,0,2,0.28678,0.28075,0.26078,0.25546,0.24011,0.24866,0.24065,0.27263,0.24442,0.27929,0.40161,0.90308,0.20629,0.25402,0.20629,0.46893,0.56223,0.48305,0.85545,0.29361
0.08,0.72,0.71,1.47,1,3,3,1.63,0.37,0,3,0.26848,0.26079,0.25804,0.23118,0.22665,0.21922,0.21297,0.24364,0.22136,0.26522,0.51821,0.37062,0.70422,0.64182,0.34047,0.90744,0.11515,0.69606,0.22412,0.26453
0.08,0.72,0.71,1.47,1,3,3,1.63,0.37,0,4,0.050522,0.27328,0.17932,0.1422,0.2113,0.16582,0.17227,0.26879,0.17332,0.10569,0.56265,0.099062,0.80128,0.98693,0.057362,0.82831,0.89336,0.067937,0.94743,0.9185
0.08,0.72,0.71,1.47,1,3,3,1.63,0.37,0,5,0.049792,0.2741,0.21417,0.25018,0.20251,0.237,0.22891,0.26029,0.21743,0.10444,0.55381,0.60173,0.039277,0.77897,0.26257,0.060978,0.69049,0.06687,0.092891,0.90407
0.08,0.72,0.71,1.47,1,3,3,1.63,0.37,0,6,0.095459,0.26999,0.21019,0.24319,0.21177,0.22994,0.22179,0.25923,0.23385,0.21229,0.58356,0.76059,0.39653,0.86475,0.54541,0.33699,0.30453,0.36593,0.64565,0.54835
0.08,0.72,0.71,1.47,1,3,3,1.63,0.37,1,1,0.25011,0.23832,0.23373,0.20933,0.2239,0.22131,0.24455,0.25881,0.23282,0.24065,0.9985,0.20315,1,0.1494,0.9985,0.99791,0.16695,0.30727,0.9985,0.25302
0.08,0.72,0.71,1.47,1,3,3,1.63,0.37,1,2,0.27335,0.2672,0.26035,0.23898,0.24096,0.24214,0.25569,0.28596,0.24189,0.28113,0.98798,0.98168,0.98488,0.21435,0.984,0.98226,0.94968,0.9904,0.98488,0.28793
0.08,0.72,0.71,1.47,1,3,3,1.63,0.37,1,3,0.24159,0.24232,0.24581,0.21446,0.21988,0.21809,0.22602,0.26102,0.21956,0.2421,0.9994,0.99911,0.9997,0.99821,0.99911,0.99851,0.99851,1,0.99911,0.9994
0.08,0.72,0.71,1.47,1,3,3,1.63,0.37,1,4,0.25011,0.23832,0.23373,0.20933,0.2239,0.22131,0.24455,0.25881,0.23282,0.24065,0.9985,0.20315,1,0.1494,0.9985,0.99791,0.16695,0.30727,0.9985,0.25302
0.08,0.72,0.71,1.47,1,3,3,1.63,0.37,1,5,0.26418,0.25354,0.23509,0.22487,0.23787,0.23448,0.25818,0.2725,0.24787,0.25509,0.98022,0.97731,0.98837,0.99796,0.98022,0.97528,0.96287,0.98488,0.020843,0.038391
0.08,0.72,0.71,1.47,1,3,3,1.63,0.37,1,6,0.27291,0.25455,0.23031,0.22538,0.24303,0.22798,0.23899,0.27623,0.21917,0.259,0.2572,0.97848,0.99244,1,0.98236,0.97906,0.85807,0.98808,0.99884,0.1493
0.06,0.44,0.65,1.32,3,2,2.72,1.25,0.15,0,1,0.35738,0.33852,0.32418,0.32713,0.33201,0.31562,0.3059,0.33627,0.33188,0.34131,0.021461,0.60291,0.3308,0.29936,0.10132,0.32691,0.45259,0.094929,0.18147,0.97495
0.06,0.44,0.65,1.32,3,2,2.72,1.25,0.15,0,2,0.35654,0.34304,0.35192,0.33095,0.33417,0.33095,0.33497,0.34289,0.33051,0.34293,0.8982,0.42789,0.28091,0.96365,0.44915,0.33657,0.7135,0.33461,0.51705,0.30913
0.06,0.44,0.65,1.32,3,2,2.72,1.25,0.15,0,3,0.34499,0.33881,0.33417,0.3244,0.33184,0.32566,0.32986,0.33924,0.3268,0.3391,0.63444,0.38958,0.89964,0.44588,0.70052,0.13315,0.20401,0.68587,0.23042,0.54923
0.06,0.44,0.65,1.32,3,2,2.72,1.25,0.15,0,4,0.35318,0.33661,0.32313,0.3223,0.32699,0.32104,0.32686,0.33898,0.32922,0.33889,0.81687,0.25181,0.97403,0.75044,0.90182,0.67588,0.80002,0.15608,0.35117,0.85028
0.06,0.44,0.65,1.32,3,2,2.72,1.25,0.15,0,5,0.35137,0.33955,0.34957,0.32815,0.33498,0.32795,0.33195,0.34496,0.32842,0.34112,0.96607,0.38076,0.23701,0.92822,0.40273,0.29339,0.66748,0.29114,0.46803,0.93195
0.06,0.44,0.65,1.32,3,2,2.72,1.25,0.15,0,6,0.35654,0.34304,0.35192,0.33095,0.33417,0.33095,0.33497,0.34289,0.33051,0.34293,0.8982,0.42789,0.28091,0.96365,0.44915,0.33657,0.7135,0.33461,0.51705,0.30913
0.06,0.44,0.65,1.32,3,2,2.72,1.25,0.15,1,1,0.3546,0.34082,0.34622,0.32227,0.33374,0.2938,0.3176,0.32912,0.3252,0.33737,0.99582,0.99582,1,0.81866,0.99582,0.99671,0.66152,0.99582,0.26519,0.95688
0.06,0.44,0.65,1.32,3,2,2.72,1.25,0.15,1,2,0.34563,0.34266,0.35161,0.33132,0.34129,0.3261,0.33555,0.33284,0.33023,0.34181,0.99447,0.99273,0.99796,1,0.9936,0.98866,0.97644,0.97208,0.62598,0.99331
0.06,0.44,0.65,1.32,3,2,2.72,1.25,0.15,1,3,0.34435,0.33926,0.34643,0.32672,0.3305,0.30722,0.32916,0.32853,0.32332,0.33891,0.99197,0.99197,1,0.9994,0.99197,0.78583,0.99673,0.99197,0.99197,1
0.06,0.44,0.65,1.32,3,2,2.72,1.25,0.15,1,4,0.3533,0.338,0.34604,0.32129,0.3337,0.28801,0.32859,0.32245,0.32285,0.33773,0.53311,0.98924,0.99506,1,0.9904,0.8001,0.96946,0.98459,0.44954,0.98982
0.06,0.44,0.65,1.32,3,2,2.72,1.25,0.15,1,5,0.34825,0.341,0.34929,0.32806,0.33444,0.32194,0.33206,0.33141,0.32706,0.34017,0.65788,0.99186,0.99738,1,0.99273,0.98691,0.97004,0.96946,0.58255,0.99244
0.06,0.44,0.65,1.32,3,2,2.72,1.25,0.15,1,6,0.34563,0.34266,0.35161,0.33132,0.34129,0.3261,0.33555,0.33284,0.33023,0.34181,0.99447,0.99273,0.99796,1,0.9936,0.98866,0.97644,0.97208,0.62598,0.99331
0.06,0.75,0.23,1.04,3,4,2.63,1.69,0.57,0,1,0.29023,0.27986,0.29421,0.25715,0.081902,0.25064,0.25696,0.27671,0.24881,0.27994,0.45602,0.096031,0.02144,0.27932,0.033905,0.79168,0.13961,0.02144,0.69206,0.40646
0.06,0.75,0.23,1.04,3,4,2.63,1.69,0.57,0,2,0.29676,0.29595,0.31078,0.27025,0.26977,0.26119,0.27322,0.29048,0.26892,0.29195,0.15475,0.15475,0.78766,0.15475,0.91126,0.15475,0.66866,0.15475,0.15475,0.15475
0.06,0.75,0.23,1.04,3,4,2.63,1.69,0.57,0,3,0.28768,0.28351,0.29165,0.26334,0.26609,0.254,0.26487,0.28342,0.25272,0.28441,0.04078,0.54058,0.18749,0.04078,0.23304,0.04078,0.1851,0.04078,0.04078,0.69365
0.06,0.75,0.23,1.04,3,4,2.63,1.69,0.57,0,4,0.29082,0.28121,0.29235,0.25864,0.081816,0.25091,0.25744,0.27669,0.25011,0.28084,0.071988,0.065622,0.6236,0.065622,0.033301,0.065622,0.92693,0.065622,0.065622,0.065622
0.06,0.75,0.23,1.04,3,4,2.63,1.69,0.57,0,5,0.29082,0.28121,0.29235,0.25864,0.081816,0.25091,0.25744,0.27669,0.25011,0.28084,0.071988,0.065622,0.6236,0.065622,0.033301,0.065622,0.92693,0.065622,0.065622,0.065622
0.06,0.75,0.23,1.04,3,4,2.63,1.69,0.57,0,6,0.29889,0.28215,0.29547,0.25998,0.081816,0.2523,0.25857,0.27861,0.25155,0.28038,0.11019,0.11019,0.11019,0.11019,0.033301,0.11019,0.9666,0.11019,0.11019,0.11019
0.06,0.75,0.23,1.04,3,4,2.63,1.69,0.57,1,1,0.26937,0.28051,0.29173,0.25876,0.1077,0.25075,0.25703,0.27582,0.24952,0.27996,0.99761,0.65833,1,0.02141,0.033858,0.02141,0.40878,0.56025,0.43826,1
0.06,0.75,0.23,1.04,3,4,2.63,1.69,0.57,1,2,0.29672,0.29592,0.31094,0.27022,0.26975,0.26115,0.27336,0.29045,0.26888,0.29192,0.15407,0.99824,1,0.99678,0.99766,0.99649,0.99737,0.99971,0.99824,0.99941
0.06,0.75,0.23,1.04,3,4,2.63,1.69,0.57,1,3,0.28768,0.28346,0.29186,0.26316,0.26612,0.25382,0.26518,0.28341,0.25264,0.28441,0.040671,0.86856,0.99286,1,0.84744,0.73465,0.79466,0.99286,0.84357,0.040671
0.06,0.75,0.23,1.04,3,4,2.63,1.69,0.57,1,4,0.26982,0.28098,0.29246,0.25865,0.10761,0.25091,0.2575,0.27663,0.25002,0.28084,1,0.9933,0.99534,0.99184,0.033029,0.065086,0.99242,0.99505,0.99301,0.99446
0.06,0.75,0.23,1.04,3,4,2.63,1.69,0.57,1,5,0.26982,0.28098,0.29246,0.25865,0.10761,0.25091,0.2575,0.27663,0.25002,0.28084,1,0.9933,0.99534,0.99184,0.033029,0.065086,0.99242,0.99505,0.99301,0.99446
0.06,0.75,0.23,1.04,3,4,2.63,1.69,0.57,1,6,0.29914,0.28213,0.29536,0.25996,0.10763,0.25229,0.25858,0.27912,0.25154,0.28037,0.99941,0.99824,1,0.99678,0.033174,0.99649,0.99737,1,0.99795,0.10977
0.05,0.4,0.32,1.07,1,0,1.6,1.19,0.71,0,1,0.30751,0.25175,0.31194,0.22312,0.28854,0.21477,0.22079,0.25988,0.20987,0.28835,0.0074806,0.014861,0.0074806,0.016856,0.0074806,0.022142,0.30162,0.02314,0.016956,0.0074806
0.05,0.4,0.32,1.07,1,0,1.6,1.19,0.71,0,2,0.27423,0.24214,0.26047,0.22219,0.25522,0.21449,0.22833,0.25936,0.21882,0.25898,0.10835,0.44269,0.10364,0.1057,0.81034,0.11109,0.46424,0.11187,0.1056,0.10619
0.05,0.4,0.32,1.07,1,0,1.6,1.19,0.71,0,3,0.28822,0.25717,0.28494,0.23036,0.25696,0.22128,0.23408,0.2736,0.2158,0.2889,0.013928,0.02885,0.4623,0.029745,0.40688,0.034819,0.14982,0.036311,0.030442,0.029646
0.05,0.4,0.32,1.07,1,0,1.6,1.19,0.71,0,4,0.3075,0.25173,0.31198,0.2231,0.28866,0.21474,0.22076,0.25987,0.20984,0.28835,0.0073472,0.014596,0.0073472,0.016556,0.0073472,0.021748,0.29624,0.022727,0.016654,0.0073472
0.05,0.4,0.32,1.07,1,0,1.6,1.19,0.71,0,5,0.3075,0.25012,0.30606,0.2231,0.28129,0.21474,0.21938,0.25987,0.20984,0.28835,0.0073472,0.72659,0.69259,0.016556,0.0073472,0.021748,0.5239,0.022727,0.016654,0.0073472
0.05,0.4,0.32,1.07,1,0,1.6,1.19,0.71,0,6,0.3075,0.25012,0.30606,0.2231,0.28129,0.21474,0.21938,0.25987,0.20984,0.28835,0.0073472,0.72659,0.69259,0.016556,0.0073472,0.021748,0.5239,0.022727,0.016654,0.0073472
0.05,0.4,0.32,1.07,1,0,1.6,1.19,0.71,1,1,0.31888,0.25167,0.30836,0.2231,0.28143,0.2146,0.22247,0.25978,0.20986,0.27767,1,1,1,1,0.0074686,0.99582,0.01663,0.99582,1,0.99582
0.05,0.4,0.32,1.07,1,0,1.6,1.19,0.71,1,2,0.27422,0.24385,0.26054,0.22224,0.25642,0.21435,0.22865,0.25932,0.21888,0.25899,0.99882,0.99559,1,0.10617,0.99735,0.99294,0.98735,0.99971,0.99559,0.99912
0.05,0.4,0.32,1.07,1,0,1.6,1.19,0.71,1,3,0.28809,0.25718,0.28744,0.23028,0.26197,0.22107,0.23754,0.27344,0.21571,0.28877,1,1,1,1,1,0.99197,0.99197,0.99197,0.99197,1
0.05,0.4,0.32,1.07,1,0,1.6,1.19,0.71,1,4,0.31841,0.25125,0.30792,0.22281,0.28098,0.21419,0.22254,0.25941,0.20943,0.27725,1,1,1,1,0.007271,0.96946,0.01619,0.96946,1,0.96946
0.05,0.4,0.32,1.07,1,0,1.6,1.19,0.71,1,5,0.31898,0.25163,0.3084,0.22316,0.28143,0.21461,0.2223,0.25979,0.20991,0.2777,1,0.99121,0.99678,0.016987,0.0073221,0.9877,0.98213,0.99502,0.018061,0.99502
0.05,0.4,0.32,1.07,1,0,1.6,1.19,0.71,1,6,0.31898,0.25163,0.3084,0.22316,0.28143,0.21461,0.2223,0.25979,0.20991,0.2777,1,0.99121,0.99678,0.016987,0.0073221,0.9877,0.98213,0.99502,0.018061,0.99502
0.09,0.79,0.73,1.44,2,4,0.1,0.45,0.59,0,1,0.13089,-0.0028037,0.068528,0.050734,0.046068,0.02111,0.095304,0.039986,0.029738,0.061248,0.60571,0.36764,0.50838,0.22749,0.14973,0.85586,0.17628,0.48952,0.96896,0.33021
0.09,0.79,0.73,1.44,2,4,0.1,0.45,0.59,0,2,0.17949,0.13965,0.11576,0.117,0.16342,0.1558,0.14314,0.20012,0.1144,0.15467,0.9381,0.9381,0.93879,0.9277,0.93349,0.92339,0.92554,0.97175,0.93928,0.92525
0.09,0.79,0.73,1.44,2,4,0.1,0.45,0.59,0,3,0.11958,0.080256,0.078686,0.061556,0.086534,0.087083,0.081732,0.16772,0.068605,0.086985,0.96857,0.91426,0.45365,0.82435,0.28894,0.66491,0.45743,0.20549,0.56962,0.91655
0.09,0.79,0.73,1.44,2,4,0.1,0.45,0.59,0,4,0.13003,-0.0032986,0.076248,0.050496,0.045786,0.020524,0.095033,0.039167,0.028615,0.060922,0.59502,0.36115,0.29123,0.22348,0.14709,0.72191,0.17317,0.48088,0.95185,0.32438
0.09,0.79,0.73,1.44,2,4,0.1,0.45,0.59,0,5,0.13001,-0.0061234,0.083385,0.050491,0.04578,0.065142,0.095027,0.041839,0.033787,0.060915,0.59479,0.81386,0.66428,0.22339,0.14703,0.96746,0.1731,0.88061,0.78896,0.32425
0.09,0.79,0.73,1.44,2,4,0.1,0.45,0.59,0,6,0.13015,0.0077726,0.088753,0.05053,0.045826,0.065041,0.11875,0.050435,0.068521,0.060968,0.59654,0.81056,0.77507,0.22405,0.14746,0.92332,0.90199,0.75,0.88989,0.32521
0.09,0.79,0.73,1.44,2,4,0.1,0.45,0.59,1,1,0.17124,0.084009,0.062103,0.018812,0.023887,0.041863,0.080475,0.077083,0.053274,0.11353,0.089451,0.56231,0.12422,0.23937,0.9991,0.3583,0.30989,0.73095,0.9988,0.82996
0.09,0.79,0.73,1.44,2,4,0.1,0.45,0.59,1,2,0.19174,0.13861,0.11577,0.11696,0.16304,0.15525,0.14299,0.20472,0.11338,0.14497,0.99767,0.92845,0.77612,0.99825,0.99796,0.99068,0.99068,0.99505,0.99214,0.98951
0.09,0.79,0.73,1.44,2,4,0.1,0.45,0.59,1,3,0.11673,0.083794,0.078274,0.060131,0.089408,0.086841,0.082244,0.15819,0.06571,0.084915,0.99583,0.99197,0.42436,0.57207,0.99405,0.91201,0.3092,0.61561,1,0.99464
0.09,0.79,0.73,1.44,2,4,0.1,0.45,0.59,1,4,0.17107,0.088796,0.061834,0.018343,0.023175,0.041161,0.07967,0.080159,0.056053,0.11774,0.087058,0.99825,0.12089,0.23296,0.9715,0.34872,0.3016,0.29006,0.70703,1
0.09,0.79,0.73,1.44,2,4,0.1,0.45,0.59,1,5,0.17108,0.096055,0.061848,0.018368,0.034924,0.041198,0.074751,0.10003,0.062162,0.12911,0.087184,0.54456,0.12107,0.2333,0.97903,0.34922,0.96476,0.99272,0.86388,0.54262
0.09,0.79,0.73,1.44,2,4,0.1,0.45,0.59,1,6,0.1711,0.099897,0.061885,0.018433,0.037198,0.079202,0.16726,0.13875,0.066218,0.13313,0.087516,0.99883,0.12153,0.23419,0.97739,0.98831,0.99328,1,0.99561,0.66144
0.04,0.48,0.57,1.13,3,2,0.2,0.57,0.68,0,1,0.1675,0.16597,0.14418,0.12865,0.12338,0.13928,0.17609,0.19979,0.088187,0.19757,0.72113,0.099541,0.65829,0.2307,0.16707,0.12787,0.093956,0.052763,0.56084,0.83613
0.04,0.48,0.57,1.13,3,2,0.2,0.57,0.68,0,2,0.19221,0.17209,0.15232,0.1654,0.15763,0.15566,0.14426,0.18257,0.14533,0.19343,0.7378,0.6732,0.96089,0.67624,0.87355,0.69134,0.91423,0.69908,0.9406,0.6831
0.04,0.48,0.57,1.13,3,2,0.2,0.57,0.68,0,3,0.19133,0.16749,0.14907,0.136,0.14011,0.13583,0.14161,0.20268,0.12693,0.19085,0.38527,0.42478,0.37443,0.36368,0.23711,0.93035,0.64139,0.21701,0.97164,0.67751
0.04,0.48,0.57,1.13,3,2,0.2,0.57,0.68,0,4,0.16752,0.16414,0.14522,0.12809,0.12717,0.13841,0.17544,0.19777,0.094766,0.19671,0.46778,0.48972,0.4913,0.52244,0.45246,0.25272,0.4323,0.052283,0.69342,0.2377
0.04,0.48,0.57,1.13,3,2,0.2,0.57,0.68,0,5,0.17134,0.1675,0.1491,0.13247,0.12854,0.13839,0.18219,0.19697,0.11871,0.19922,0.71866,0.69917,0.70537,0.75005,0.66512,0.46526,0.6484,0.47294,0.56849,0.44971
0.04,0.48,0.57,1.13,3,2,0.2,0.57,0.68,0,6,0.17348,0.16892,0.15354,0.13634,0.13379,0.13782,0.18012,0.18947,0.12176,0.20555,0.83925,0.76634,0.78145,0.8368,0.75535,0.54593,0.7211,0.55289,0.78332,0.53268
0.04,0.48,0.57,1.13,3,2,0.2,0.57,0.68,1,1,0.191,0.1488,0.15497,0.12786,0.13459,0.12024,0.14036,0.19432,0.079873,0.20701,0.17367,0.6904,0.99582,0.29227,0.62826,0.99582,0.29944,0.052679,0.94423,0.84077
0.04,0.48,0.57,1.13,3,2,0.2,0.57,0.68,1,2,0.19075,0.17209,0.15338,0.16276,0.15802,0.15461,0.14624,0.18176,0.14558,0.19377,0.98342,0.96946,0.98488,1,0.98633,0.51178,0.96946,0.97266,0.51255,0.98371
0.04,0.48,0.57,1.13,3,2,0.2,0.57,0.68,1,3,0.19175,0.17125,0.15255,0.13619,0.1449,0.1397,0.14345,0.20268,0.12608,0.19129,0.99702,0.99911,0.99464,0.99762,0.99881,0.99821,0.99553,0.9997,0.98154,1
0.04,0.48,0.57,1.13,3,2,0.2,0.57,0.68,1,4,0.1903,0.15728,0.15241,0.12659,0.13425,0.11979,0.13893,0.19263,0.099053,0.20577,1,0.99593,1,0.99913,1,0.98808,0.71129,0.96946,0.97441,1
0.04,0.48,0.57,1.13,3,2,0.2,0.57,0.68,1,5,0.19468,0.17215,0.15636,0.13153,0.13387,0.12712,0.14187,0.18995,0.11976,0.20516,0.97412,1,1,1,0.97586,0.96946,0.75259,0.47513,0.97295,0.9715
0.04,0.48,0.57,1.13,3,2,0.2,0.57,0.68,1,6,0.19757,0.17327,0.16083,0.13181,0.13595,0.13721,0.17185,0.18915,0.12354,0.20536,0.97993,1,1,1,0.97964,0.96946,0.96946,0.55405,0.98313,0.56248
0.08,0.77,0.15,1.1,3,4,1.04,0.51,0.26,0,1,0.35588,0.34849,0.35636,0.33809,0.34211,0.33539,0.3392,0.34623,0.33701,0.34542,0.01446,0.01446,0.13253,0.45154,0.01446,0.01446,0.01446,0.01446,0.41873,0.01446
0.08,0.77,0.15,1.1,3,4,1.04,0.51,0.26,0,2,0.35189,0.35084,0.36007,0.34148,0.34646,0.33809,0.34209,0.34944,0.34076,0.34862,0.10347,0.10347,0.10347,0.10347,0.10347,0.10347,0.10347,0.10347,0.10347,0.10347
0.08,0.77,0.15,1.1,3,4,1.04,0.51,0.26,0,3,0.34789,0.3485,0.35823,0.33887,0.34136,0.33601,0.34028,0.34661,0.33783,0.34626,0.027352,0.57788,0.26019,0.89566,0.44301,0.027352,0.77442,0.027352,0.82534,0.027352
0.08,0.77,0.15,1.1,3,4,1.04,0.51,0.26,0,4,0.35536,0.34829,0.35767,0.33857,0.34185,0.33575,0.33924,0.34652,0.33748,0.34573,0.058777,0.058777,0.96787,0.058777,0.058777,0.058777,0.058777,0.058777,0.058777,0.058777
0.08,0.77,0.15,1.1,3,4,1.04,0.51,0.26,0,5,0.35536,0.34829,0.35767,0.33857,0.34185,0.33575,0.33924,0.34652,0.33748,0.34573,0.058777,0.058777,0.96787,0.058777,0.058777,0.058777,0.058777,0.058777,0.058777,0.058777
0.08,0.77,0.15,1.1,3,4,1.04,0.51,0.26,0,6,0.35536,0.34829,0.35767,0.33857,0.34185,0.33575,0.33924,0.34652,0.33748,0.34573,0.058777,0.058777,0.96787,0.058777,0.058777,0.058777,0.058777,0.058777,0.058777,0.058777
0.08,0.77,0.15,1.1,3,4,1.04,0.51,0.26,1,1,0.3556,0.34793,0.35733,0.33813,0.3414,0.33538,0.33881,0.34621,0.33708,0.34512,0.80004,0.74298,0.90988,0.73571,0.84644,0.84276,0.77833,0.81109,0.75712,1
0.08,0.77,0.15,1.1,3,4,1.04,0.51,0.26,1,2,0.35187,0.35082,0.36006,0.34145,0.34643,0.33807,0.34207,0.34942,0.34074,0.3486,0.99912,0.99883,1,0.99883,0.99971,0.99854,0.99912,0.99942,0.99912,0.99912
0.08,0.77,0.15,1.1,3,4,1.04,0.51,0.26,1,3,0.34789,0.3487,0.35826,0.33893,0.34169,0.33601,0.34042,0.34661,0.33794,0.34626,0.027401,0.9991,1,0.9991,0.9997,0.99851,0.027401,0.9994,0.9991,0.9994
0.08,0.77,0.15,1.1,3,4,1.04,0.51,0.26,1,4,0.35536,0.34828,0.35767,0.33856,0.34184,0.33574,0.33923,0.34652,0.33748,0.34572,0.058406,0.99883,1,0.058406,0.99971,0.99854,0.99912,0.99942,0.99912,0.99912
0.08,0.77,0.15,1.1,3,4,1.04,0.51,0.26,1,5,0.35536,0.34828,0.35767,0.33856,0.34184,0.33574,0.33923,0.34652,0.33748,0.34572,0.058406,0.99883,1,0.058406,0.99971,0.99854,0.99912,0.99942,0.99912,0.99912
0.08,0.77,0.15,1.1,3,4,1.04,0.51,0.26,1,6,0.35536,0.34828,0.35767,0.33856,0.34184,0.33574,0.33923,0.34652,0.33748,0.34572,0.058406,0.99883,1,0.058406,0.99971,0.99854,0.99912,0.99942,0.99912,0.99912
0.05,0.46,0.37,1.01,1,0,1.32,0.69,0.18,0,1,0.37138,0.37207,0.37283,0.36126,0.36424,0.35981,0.36063,0.3663,0.35674,0.36567,0.0074806,0.0074806,0.0074806,0.0074806,0.0074806,0.0074806,0.86734,0.0074806,0.70836,0.0074806
0.05,0.46,0.37,1.01,1,0,1.32,0.69,0.18,0,2,0.36885,0.36533,0.37389,0.36291,0.36228,0.36116,0.36398,0.36717,0.36248,0.36718,0.05192,0.45954,0.05192,0.05192,0.70748,0.05192,0.05192,0.05192,0.05192,0.05192
0.05,0.46,0.37,1.01,1,0,1.32,0.69,0.18,0,3,0.36692,0.36387,0.37293,0.36161,0.36126,0.36012,0.36215,0.36629,0.35781,0.36608,0.013928,0.22652,0.81775,0.013928,0.49264,0.013928,0.85953,0.013928,0.76492,0.013928
0.05,0.46,0.37,1.01,1,0,1.32,0.69,0.18,0,4,0.37138,0.3721,0.37285,0.36126,0.36424,0.35981,0.36049,0.3663,0.35657,0.36567,0.0073472,0.0073472,0.0073472,0.0073472,0.0073472,0.0073472,0.85188,0.0073472,0.69573,0.0073472
0.05,0.46,0.37,1.01,1,0,1.32,0.69,0.18,0,5,0.37138,0.36329,0.37269,0.36126,0.36301,0.35981,0.36188,0.3663,0.36082,0.36567,0.0073486,0.427,0.0073486,0.0073486,0.66794,0.0073486,0.0073486,0.0073486,0.0073486,0.0073486
0.05,0.46,0.37,1.01,1,0,1.32,0.69,0.18,0,6,0.37138,0.36329,0.37269,0.36126,0.36301,0.35981,0.36188,0.3663,0.36082,0.36567,0.0073486,0.427,0.0073486,0.0073486,0.66794,0.0073486,0.0073486,0.0073486,0.0073486,0.0073486
0.05,0.46,0.37,1.01,1,0,1.32,0.69,0.18,1,1,0.37132,0.3673,0.37262,0.36119,0.36418,0.35975,0.36181,0.36624,0.36075,0.36561,0.99582,0.99582,0.99582,0.99582,0.99582,0.99582,0.99582,0.99582,0.99582,0.99582
0.05,0.46,0.37,1.01,1,0,1.32,0.69,0.18,1,2,0.36857,0.36856,0.3739,0.36268,0.36399,0.36096,0.36376,0.36713,0.36224,0.36682,0.96946,0.97557,0.051381,0.96946,0.97819,0.97412,0.97063,0.98284,0.97382,1
0.05,0.46,0.37,1.01,1,0,1.32,0.69,0.18,1,3,0.3668,0.36759,0.37296,0.36149,0.3633,0.35999,0.36267,0.36617,0.36104,0.36596,0.99197,0.99197,1,0.99197,0.99197,0.99197,0.99197,0.99197,0.99197,1
0.05,0.46,0.37,1.01,1,0,1.32,0.69,0.18,1,4,0.37092,0.3669,0.37221,0.3608,0.36384,0.35935,0.36142,0.36585,0.36039,0.36526,0.96946,0.96946,1,0.96946,0.96946,0.96946,0.96946,0.96946,0.96946,1
0.05,0.46,0.37,1.01,1,0,1.32,0.69,0.18,1,5,0.37092,0.36716,0.3727,0.36101,0.36407,0.35959,0.36156,0.36617,0.3606,0.36528,0.96946,0.97441,0.007271,0.96946,0.97731,0.97295,0.96946,0.98197,0.97266,1
0.05,0.46,0.37,1.01,1,0,1.32,0.69,0.18,1,6,0.37092,0.36716,0.3727,0.36101,0.36407,0.35959,0.36156,0.36617,0.3606,0.36528,0.96946,0.97441,0.007271,0.96946,0.97731,0.97295,0.96946,0.98197,0.97266,1
